i,j,oi,oj,new_poly_i,new_poly_j,nfp,convex_status,vertical_direction,bounds,nfp_parts
0,0,0,0,"[[0.0, 0.0], [40.0, 0.0], [40.0, 60.0], [240.0, 60.0], [240.0, 0.0], [280.0, 0.0], [280.0, 100.0], [0.0, 100.0], [0.0, 0.0]]","[[0.0, 0.0], [40.0, 0.0], [40.0, 60.0], [240.0, 60.0], [240.0, 0.0], [280.0, 0.0], [280.0, 100.0], [0.0, 100.0], [0.0, 0.0]]","[[0.0, 0.0], [560.0, 0.0], [560.0, 200.0], [0.0, 200.0]]","[1, 1, 1, 1]","[[[], []], [[], []], [[], []], [[], []]]","[0.0, 0.0, 560.0, 200.0]","[[[0.0, 0.0], [560.0, 0.0], [560.0, 200.0], [0.0, 200.0]]]"
0,0,0,1,"[[0.0, 0.0], [40.0, 0.0], [40.0, 60.0], [240.0, 60.0], [240.0, 0.0], [280.0, 0.0], [280.0, 100.0], [0.0, 100.0], [0.0, 0.0]]","[[280.0, 100.0], [240.0, 100.0], [240.0, 40.0], [40.0, 40.0], [40.0, 100.0], [0.0, 100.0], [0.0, 0.0], [280.0, 0.0], [280.0, 100.0]]","[[0.0, 0.0], [80.0, 0.0], [80.0, 60.0], [240.0, 60.0], [240.0, 0.0], [320.0, 0.0], [320.0, 60.0], [480.0, 60.0], [480.0, 0.0], [560.0, 0.0], [560.0, 200.0], [0.0, 200.0]]","[1, 1, 0, 0, 1, 1, 0, 0, 1, 1, 1, 1]","[[[], []], [[], []], [[-60.0, 3.67394039744206e-15], [9.797174393178826e-15, 160.0]], [[9.797174393178826e-15, 160.0], [60.0, -3.67394039744206e-15]], [[], []], [[], []], [[-60.0, 3.67394039744206e-15], [9.797174393178826e-15, 160.0]], [[9.797174393178826e-15, 160.0], [60.0, -3.67394039744206e-15]], [[], []], [[], []], [[], []], [[], []]]","[0.0, 0.0, 560.0, 200.0]","[[[0.0, 200.0], [0.0, 0.0], [80.0, 0.0], [80.0, 60.0]], [[560.0, 200.0], [0.0, 200.0], [80.0, 60.0], [240.0, 60.0]], [[240.0, 60.0], [240.0, 0.0], [320.0, 0.0], [320.0, 60.0]], [[560.0, 200.0], [240.0, 60.0], [320.0, 60.0], [480.0, 60.0]], [[480.0, 60.0], [480.0, 0.0], [560.0, 0.0], [560.0, 200.0]]]"
0,0,1,0,"[[280.0, 100.0], [240.0, 100.0], [240.0, 40.0], [40.0, 40.0], [40.0, 100.0], [0.0, 100.0], [0.0, 0.0], [280.0, 0.0], [280.0, 100.0]]","[[0.0, 0.0], [40.0, 0.0], [40.0, 60.0], [240.0, 60.0], [240.0, 0.0], [280.0, 0.0], [280.0, 100.0], [0.0, 100.0], [0.0, 0.0]]","[[0.0, 0.0], [560.0, 0.0], [560.0, 200.0], [480.0, 200.0], [480.0, 140.0], [320.0, 140.0], [320.0, 200.0], [240.0, 200.0], [240.0, 140.0], [80.0, 140.0], [80.0, 200.0], [0.0, 200.0]]","[1, 1, 1, 1, 0, 0, 1, 1, 0, 0, 1, 1]","[[[], []], [[], []], [[], []], [[], []], [[60.0, -3.67394039744206e-15], [-9.797174393178826e-15, -160.0]], [[-9.797174393178826e-15, -160.0], [-60.0, 3.67394039744206e-15]], [[], []], [[], []], [[60.0, -3.67394039744206e-15], [-9.797174393178826e-15, -160.0]], [[-9.797174393178826e-15, -160.0], [-60.0, 3.67394039744206e-15]], [[], []], [[], []]]","[0.0, 0.0, 560.0, 200.0]","[[[560.0, 0.0], [560.0, 200.0], [480.0, 200.0], [480.0, 140.0]], [[0.0, 0.0], [560.0, 0.0], [480.0, 140.0], [320.0, 140.0]], [[320.0, 140.0], [320.0, 200.0], [240.0, 200.0], [240.0, 140.0]], [[0.0, 0.0], [320.0, 140.0], [240.0, 140.0], [80.0, 140.0]], [[80.0, 140.0], [80.0, 200.0], [0.0, 200.0], [0.0, 0.0]]]"
0,0,1,1,"[[280.0, 100.0], [240.0, 100.0], [240.0, 40.0], [40.0, 40.0], [40.0, 100.0], [0.0, 100.0], [0.0, 0.0], [280.0, 0.0], [280.0, 100.0]]","[[280.0, 100.0], [240.0, 100.0], [240.0, 40.0], [40.0, 40.0], [40.0, 100.0], [0.0, 100.0], [0.0, 0.0], [280.0, 0.0], [280.0, 100.0]]","[[0.0, 0.0], [560.0, 0.0], [560.0, 200.0], [0.0, 200.0]]","[1, 1, 1, 1]","[[[], []], [[], []], [[], []], [[], []]]","[0.0, 0.0, 560.0, 200.0]","[[[0.0, 0.0], [560.0, 0.0], [560.0, 200.0], [0.0, 200.0]]]"
0,1,0,0,"[[0.0, 0.0], [40.0, 0.0], [40.0, 60.0], [240.0, 60.0], [240.0, 0.0], [280.0, 0.0], [280.0, 100.0], [0.0, 100.0], [0.0, 0.0]]","[[0.0, 0.0], [120.0, -120.0], [240.0, 0.0], [120.0, 120.0], [0.0, 0.0]]","[[0.0, 0.0], [40.0, 0.0], [100.0, 60.0], [180.0, 60.0], [240.0, 0.0], [280.0, 0.0], [400.0, 120.0], [400.0, 220.0], [280.0, 340.0], [0.0, 340.0], [-120.0, 220.0], [-120.0, 120.0]]","[1, 1, 0, 0, 1, 1, 1, 1, 1, 1, 1, 1]","[[[], []], [[], []], [[-59.99999999999999, 60.00000000000001], [4.898587196589413e-15, 80.0]], [[4.898587196589413e-15, 80.0], [60.00000000000001, 59.99999999999999]], [[], []], [[], []], [[], []], [[], []], [[], []], [[], []], [[], []], [[], []]]","[-120.0, 0.0, 400.0, 340.0]","[[[-120.0, 120.0], [0.0, 0.0], [40.0, 0.0], [100.0, 60.0]], [[180.0, 60.0], [240.0, 0.0], [280.0, 0.0], [400.0, 120.0]], [[400.0, 120.0], [400.0, 220.0], [280.0, 340.0], [0.0, 340.0], [-120.0, 220.0], [-120.0, 120.0], [100.0, 60.0], [180.0, 60.0]]]"
0,1,0,1,"[[0.0, 0.0], [40.0, 0.0], [40.0, 60.0], [240.0, 60.0], [240.0, 0.0], [280.0, 0.0], [280.0, 100.0], [0.0, 100.0], [0.0, 0.0]]","[[240.0, 0.0], [120.0, 120.0], [0.0, 0.0], [120.0, -120.0], [240.0, 0.0]]","[[0.0, 0.0], [40.0, 0.0], [100.0, 60.0], [180.0, 60.0], [240.0, 0.0], [280.0, 0.0], [400.0, 120.0], [400.0, 220.0], [280.0, 340.0], [0.0, 340.0], [-120.0, 220.0], [-120.0, 120.0]]","[1, 1, 0, 0, 1, 1, 1, 1, 1, 1, 1, 1]","[[[], []], [[], []], [[-59.99999999999999, 60.00000000000001], [4.898587196589413e-15, 80.0]], [[4.898587196589413e-15, 80.0], [60.00000000000001, 59.99999999999999]], [[], []], [[], []], [[], []], [[], []], [[], []], [[], []], [[], []], [[], []]]","[-120.0, 0.0, 400.0, 340.0]","[[[-120.0, 120.0], [0.0, 0.0], [40.0, 0.0], [100.0, 60.0]], [[180.0, 60.0], [240.0, 0.0], [280.0, 0.0], [400.0, 120.0]], [[400.0, 120.0], [400.0, 220.0], [280.0, 340.0], [0.0, 340.0], [-120.0, 220.0], [-120.0, 120.0], [100.0, 60.0], [180.0, 60.0]]]"
0,1,1,0,"[[280.0, 100.0], [240.0, 100.0], [240.0, 40.0], [40.0, 40.0], [40.0, 100.0], [0.0, 100.0], [0.0, 0.0], [280.0, 0.0], [280.0, 100.0]]","[[0.0, 0.0], [120.0, -120.0], [240.0, 0.0], [120.0, 120.0], [0.0, 0.0]]","[[0.0, 0.0], [280.0, 0.0], [400.0, 120.0], [400.0, 220.0], [280.0, 340.0], [240.0, 340.0], [180.0, 280.0], [100.0, 280.0], [40.0, 340.0], [0.0, 340.0], [-120.0, 220.0], [-120.0, 120.0]]","[1, 1, 1, 1, 1, 1, 0, 0, 1, 1, 1, 1]","[[[], []], [[], []], [[], []], [[], []], [[], []], [[], []], [[59.99999999999999, -60.00000000000001], [-4.898587196589413e-15, -80.0]], [[-4.898587196589413e-15, -80.0], [-60.00000000000001, -59.99999999999999]], [[], []], [[], []], [[], []], [[], []]]","[-120.0, 0.0, 400.0, 340.0]","[[[400.0, 220.0], [280.0, 340.0], [240.0, 340.0], [180.0, 280.0]], [[100.0, 280.0], [40.0, 340.0], [0.0, 340.0], [-120.0, 220.0]], [[-120.0, 220.0], [-120.0, 120.0], [0.0, 0.0], [280.0, 0.0], [400.0, 120.0], [400.0, 220.0], [180.0, 280.0], [100.0, 280.0]]]"
0,1,1,1,"[[280.0, 100.0], [240.0, 100.0], [240.0, 40.0], [40.0, 40.0], [40.0, 100.0], [0.0, 100.0], [0.0, 0.0], [280.0, 0.0], [280.0, 100.0]]","[[240.0, 0.0], [120.0, 120.0], [0.0, 0.0], [120.0, -120.0], [240.0, 0.0]]","[[0.0, 0.0], [280.0, 0.0], [400.0, 120.0], [400.0, 220.0], [280.0, 340.0], [240.0, 340.0], [180.0, 280.0], [100.0, 280.0], [40.0, 340.0], [0.0, 340.0], [-120.0, 220.0], [-120.0, 120.0]]","[1, 1, 1, 1, 1, 1, 0, 0, 1, 1, 1, 1]","[[[], []], [[], []], [[], []], [[], []], [[], []], [[], []], [[59.99999999999999, -60.00000000000001], [-4.898587196589413e-15, -80.0]], [[-4.898587196589413e-15, -80.0], [-60.00000000000001, -59.99999999999999]], [[], []], [[], []], [[], []], [[], []]]","[-120.0, 0.0, 400.0, 340.0]","[[[400.0, 220.0], [280.0, 340.0], [240.0, 340.0], [180.0, 280.0]], [[100.0, 280.0], [40.0, 340.0], [0.0, 340.0], [-120.0, 220.0]], [[-120.0, 220.0], [-120.0, 120.0], [0.0, 0.0], [280.0, 0.0], [400.0, 120.0], [400.0, 220.0], [180.0, 280.0], [100.0, 280.0]]]"
0,2,0,0,"[[0.0, 0.0], [40.0, 0.0], [40.0, 60.0], [240.0, 60.0], [240.0, 0.0], [280.0, 0.0], [280.0, 100.0], [0.0, 100.0], [0.0, 0.0]]","[[0.0, 0.0], [120.0, 0.0], [120.0, -40.0], [140.0, -40.0], [220.0, 40.0], [220.0, 80.0], [160.0, 80.0], [160.0, 20.0], [40.0, 20.0], [40.0, 80.0], [0.0, 80.0], [0.0, 0.0]]","[[0.0, 0.0], [100.0, 0.0], [100.0, 60.0], [180.0, 60.0], [180.0, 0.0], [340.0, 0.0], [340.0, 60.0], [420.0, 60.0], [420.0, 0.0], [500.0, 0.0], [500.0, 180.0], [380.0, 180.0], [380.0, 220.0], [80.0, 220.0], [0.0, 140.0]]","[1, 1, 0, 0, 1, 1, 0, 0, 1, 1, 1, 0, 1, 1, 1]","[[[], []], [[], []], [[-60.0, 3.67394039744206e-15], [4.898587196589413e-15, 80.0]], [[4.898587196589413e-15, 80.0], [60.0, -3.67394039744206e-15]], [[], []], [[], []], [[-60.0, 3.67394039744206e-15], [4.898587196589413e-15, 80.0]], [[4.898587196589413e-15, 80.0], [60.0, -3.67394039744206e-15]], [[], []], [[], []], [[], []], [[-7.34788079488412e-15, -120.0], [-40.0, 2.4492935982947065e-15]], [[], []], [[], []], [[], []]]","[0.0, 0.0, 500.0, 220.0]","[[[0.0, 140.0], [0.0, 0.0], [100.0, 0.0], [100.0, 60.0]], [[380.0, 180.0], [380.0, 220.0], [80.0, 220.0], [0.0, 140.0], [100.0, 60.0], [180.0, 60.0]], [[180.0, 60.0], [180.0, 0.0], [340.0, 0.0], [340.0, 60.0]], [[420.0, 60.0], [420.0, 0.0], [500.0, 0.0], [500.0, 180.0]], [[500.0, 180.0], [380.0, 180.0], [180.0, 60.0], [340.0, 60.0], [420.0, 60.0]]]"
0,2,0,1,"[[0.0, 0.0], [40.0, 0.0], [40.0, 60.0], [240.0, 60.0], [240.0, 0.0], [280.0, 0.0], [280.0, 100.0], [0.0, 100.0], [0.0, 0.0]]","[[220.0, 40.0], [100.0, 40.0], [100.0, 80.0], [80.0, 80.0], [0.0, 0.0], [0.0, -40.0], [60.0, -40.0], [60.0, 20.0], [180.0, 20.0], [180.0, -40.0], [220.0, -40.0], [220.0, 40.0]]","[[0.0, 0.0], [60.0, 0.0], [120.0, 60.0], [120.0, 40.0], [240.0, 40.0], [240.0, 0.0], [300.0, 0.0], [380.0, 80.0], [380.0, 220.0], [-120.0, 220.0], [-120.0, 40.0], [0.0, 40.0]]","[1, 1, 0, 1, 0, 1, 1, 1, 1, 1, 1, 0]","[[[], []], [[], []], [[-59.99999999999999, 60.00000000000001], [20.0, -1.2246467991473533e-15]], [[], []], [[7.34788079488412e-15, 120.0], [40.0, -2.4492935982947065e-15]], [[], []], [[], []], [[], []], [[], []], [[], []], [[], []], [[7.34788079488412e-15, 120.0], [40.0, -2.4492935982947065e-15]]]","[-120.0, 0.0, 380.0, 220.0]","[[[0.0, 40.0], [0.0, 0.0], [60.0, 0.0], [120.0, 60.0]], [[120.0, 60.0], [200.0, 220.0], [-120.0, 220.0], [-120.0, 40.0], [0.0, 40.0]], [[240.0, 40.0], [240.0, 0.0], [300.0, 0.0], [380.0, 80.0]], [[380.0, 80.0], [380.0, 220.0], [200.0, 220.0], [120.0, 60.0], [120.0, 40.0], [240.0, 40.0]]]"
0,2,1,0,"[[280.0, 100.0], [240.0, 100.0], [240.0, 40.0], [40.0, 40.0], [40.0, 100.0], [0.0, 100.0], [0.0, 0.0], [280.0, 0.0], [280.0, 100.0]]","[[0.0, 0.0], [120.0, 0.0], [120.0, -40.0], [140.0, -40.0], [220.0, 40.0], [220.0, 80.0], [160.0, 80.0], [160.0, 20.0], [40.0, 20.0], [40.0, 80.0], [0.0, 80.0], [0.0, 0.0]]","[[0.0, 0.0], [500.0, 0.0], [500.0, 180.0], [380.0, 180.0], [380.0, 220.0], [320.0, 220.0], [260.0, 160.0], [260.0, 180.0], [140.0, 180.0], [140.0, 220.0], [80.0, 220.0], [0.0, 140.0]]","[1, 1, 1, 0, 1, 1, 0, 1, 0, 1, 1, 1]","[[[], []], [[], []], [[], []], [[-7.34788079488412e-15, -120.0], [-40.0, 2.4492935982947065e-15]], [[], []], [[], []], [[59.99999999999999, -60.00000000000001], [-20.0, 1.2246467991473533e-15]], [[], []], [[-7.34788079488412e-15, -120.0], [-40.0, 2.4492935982947065e-15]], [[], []], [[], []], [[], []]]","[0.0, 0.0, 500.0, 220.0]",[]
0,2,1,1,"[[280.0, 100.0], [240.0, 100.0], [240.0, 40.0], [40.0, 40.0], [40.0, 100.0], [0.0, 100.0], [0.0, 0.0], [280.0, 0.0], [280.0, 100.0]]","[[220.0, 40.0], [100.0, 40.0], [100.0, 80.0], [80.0, 80.0], [0.0, 0.0], [0.0, -40.0], [60.0, -40.0], [60.0, 20.0], [180.0, 20.0], [180.0, -40.0], [220.0, -40.0], [220.0, 40.0]]","[[0.0, 0.0], [300.0, 0.0], [380.0, 80.0], [380.0, 220.0], [280.0, 220.0], [280.0, 160.0], [200.0, 160.0], [200.0, 220.0], [40.0, 220.0], [40.0, 160.0], [-40.0, 160.0], [-40.0, 220.0], [-120.0, 220.0], [-120.0, 40.0], [0.0, 40.0]]","[1, 1, 1, 1, 1, 0, 0, 1, 1, 0, 0, 1, 1, 1, 0]","[[[], []], [[], []], [[], []], [[], []], [[], []], [[60.0, -3.67394039744206e-15], [-4.898587196589413e-15, -80.0]], [[-4.898587196589413e-15, -80.0], [-60.0, 3.67394039744206e-15]], [[], []], [[], []], [[60.0, -3.67394039744206e-15], [-4.898587196589413e-15, -80.0]], [[-4.898587196589413e-15, -80.0], [-60.0, 3.67394039744206e-15]], [[], []], [[], []], [[], []], [[7.34788079488412e-15, 120.0], [40.0, -2.4492935982947065e-15]]]","[-120.0, 0.0, 380.0, 220.0]","[[[380.0, 80.0], [380.0, 220.0], [280.0, 220.0], [280.0, 160.0]], [[0.0, 40.0], [0.0, 0.0], [300.0, 0.0], [380.0, 80.0], [280.0, 160.0], [200.0, 160.0]], [[200.0, 160.0], [200.0, 220.0], [40.0, 220.0], [40.0, 160.0]], [[-40.0, 160.0], [-40.0, 220.0], [-120.0, 220.0], [-120.0, 40.0]], [[-120.0, 40.0], [0.0, 40.0], [200.0, 160.0], [40.0, 160.0], [-40.0, 160.0]]]"
0,3,0,0,"[[0.0, 0.0], [40.0, 0.0], [40.0, 60.0], [240.0, 60.0], [240.0, 0.0], [280.0, 0.0], [280.0, 100.0], [0.0, 100.0], [0.0, 0.0]]","[[0.0, 0.0], [40.0, 0.0], [40.0, -40.0], [80.0, -40.0], [80.0, 0.0], [120.0, 0.0], [120.0, 40.0], [80.0, 40.0], [80.0, 80.0], [40.0, 80.0], [40.0, 40.0], [0.0, 40.0], [0.0, 0.0]]","[[0.0, 0.0], [80.0, 0.0], [80.0, 40.0], [120.0, 40.0], [120.0, 60.0], [200.0, 60.0], [200.0, 40.0], [240.0, 40.0], [240.0, 0.0], [320.0, 0.0], [320.0, 40.0], [360.0, 40.0], [360.0, 180.0], [320.0, 180.0], [320.0, 220.0], [0.0, 220.0], [0.0, 180.0], [-40.0, 180.0], [-40.0, 40.0], [0.0, 40.0]]","[1, 1, 0, 1, 0, 0, 1, 0, 1, 1, 0, 1, 1, 0, 1, 1, 0, 1, 1, 0]","[[[], []], [[], []], [[-40.0, 2.4492935982947065e-15], [2.4492935982947065e-15, 40.0]], [[], []], [[-20.0, 1.2246467991473533e-15], [4.898587196589413e-15, 80.0]], [[4.898587196589413e-15, 80.0], [20.0, -1.2246467991473533e-15]], [[], []], [[2.4492935982947065e-15, 40.0], [40.0, -2.4492935982947065e-15]], [[], []], [[], []], [[-40.0, 2.4492935982947065e-15], [2.4492935982947065e-15, 40.0]], [[], []], [[], []], [[-2.4492935982947065e-15, -40.0], [-40.0, 2.4492935982947065e-15]], [[], []], [[], []], [[40.0, -2.4492935982947065e-15], [-2.4492935982947065e-15, -40.0]], [[], []], [[], []], [[2.4492935982947065e-15, 40.0], [40.0, -2.4492935982947065e-15]]]","[-40.0, 0.0, 360.0, 220.0]","[[[0.0, 40.0], [0.0, 0.0], [80.0, 0.0], [80.0, 40.0]], [[0.0, 180.0], [-40.0, 180.0], [-40.0, 40.0], [0.0, 40.0], [80.0, 40.0], [120.0, 40.0], [120.0, 60.0]], [[320.0, 180.0], [320.0, 220.0], [0.0, 220.0], [0.0, 180.0], [120.0, 60.0], [200.0, 60.0]], [[320.0, 180.0], [200.0, 60.0], [200.0, 40.0], [240.0, 40.0]], [[240.0, 40.0], [240.0, 0.0], [320.0, 0.0], [320.0, 40.0]], [[320.0, 40.0], [360.0, 40.0], [360.0, 180.0], [320.0, 180.0], [240.0, 40.0]]]"
0,3,0,1,"[[0.0, 0.0], [40.0, 0.0], [40.0, 60.0], [240.0, 60.0], [240.0, 0.0], [280.0, 0.0], [280.0, 100.0], [0.0, 100.0], [0.0, 0.0]]","[[120.0, 40.0], [80.0, 40.0], [80.0, 80.0], [40.0, 80.0], [40.0, 40.0], [0.0, 40.0], [0.0, 0.0], [40.0, 0.0], [40.0, -40.0], [80.0, -40.0], [80.0, 0.0], [120.0, 0.0], [120.0, 40.0]]","[[0.0, 0.0], [80.0, 0.0], [80.0, 40.0], [120.0, 40.0], [120.0, 60.0], [200.0, 60.0], [200.0, 40.0], [240.0, 40.0], [240.0, 0.0], [320.0, 0.0], [320.0, 40.0], [360.0, 40.0], [360.0, 180.0], [320.0, 180.0], [320.0, 220.0], [0.0, 220.0], [0.0, 180.0], [-40.0, 180.0], [-40.0, 40.0], [0.0, 40.0]]","[1, 1, 0, 1, 0, 0, 1, 0, 1, 1, 0, 1, 1, 0, 1, 1, 0, 1, 1, 0]","[[[], []], [[], []], [[-40.0, 2.4492935982947065e-15], [2.4492935982947065e-15, 40.0]], [[], []], [[-20.0, 1.2246467991473533e-15], [4.898587196589413e-15, 80.0]], [[4.898587196589413e-15, 80.0], [20.0, -1.2246467991473533e-15]], [[], []], [[2.4492935982947065e-15, 40.0], [40.0, -2.4492935982947065e-15]], [[], []], [[], []], [[-40.0, 2.4492935982947065e-15], [2.4492935982947065e-15, 40.0]], [[], []], [[], []], [[-2.4492935982947065e-15, -40.0], [-40.0, 2.4492935982947065e-15]], [[], []], [[], []], [[40.0, -2.4492935982947065e-15], [-2.4492935982947065e-15, -40.0]], [[], []], [[], []], [[2.4492935982947065e-15, 40.0], [40.0, -2.4492935982947065e-15]]]","[-40.0, 0.0, 360.0, 220.0]","[[[0.0, 40.0], [0.0, 0.0], [80.0, 0.0], [80.0, 40.0]], [[0.0, 180.0], [-40.0, 180.0], [-40.0, 40.0], [0.0, 40.0], [80.0, 40.0], [120.0, 40.0], [120.0, 60.0]], [[320.0, 180.0], [320.0, 220.0], [0.0, 220.0], [0.0, 180.0], [120.0, 60.0], [200.0, 60.0]], [[320.0, 180.0], [200.0, 60.0], [200.0, 40.0], [240.0, 40.0]], [[240.0, 40.0], [240.0, 0.0], [320.0, 0.0], [320.0, 40.0]], [[320.0, 40.0], [360.0, 40.0], [360.0, 180.0], [320.0, 180.0], [240.0, 40.0]]]"
0,3,1,0,"[[280.0, 100.0], [240.0, 100.0], [240.0, 40.0], [40.0, 40.0], [40.0, 100.0], [0.0, 100.0], [0.0, 0.0], [280.0, 0.0], [280.0, 100.0]]","[[0.0, 0.0], [40.0, 0.0], [40.0, -40.0], [80.0, -40.0], [80.0, 0.0], [120.0, 0.0], [120.0, 40.0], [80.0, 40.0], [80.0, 80.0], [40.0, 80.0], [40.0, 40.0], [0.0, 40.0], [0.0, 0.0]]","[[0.0, 0.0], [320.0, 0.0], [320.0, 40.0], [360.0, 40.0], [360.0, 180.0], [320.0, 180.0], [320.0, 220.0], [240.0, 220.0], [240.0, 180.0], [200.0, 180.0], [200.0, 160.0], [120.0, 160.0], [120.0, 180.0], [80.0, 180.0], [80.0, 220.0], [0.0, 220.0], [0.0, 180.0], [-40.0, 180.0], [-40.0, 40.0], [0.0, 40.0]]","[1, 1, 0, 1, 1, 0, 1, 1, 0, 1, 0, 0, 1, 0, 1, 1, 0, 1, 1, 0]","[[[], []], [[], []], [[-40.0, 2.4492935982947065e-15], [2.4492935982947065e-15, 40.0]], [[], []], [[], []], [[-2.4492935982947065e-15, -40.0], [-40.0, 2.4492935982947065e-15]], [[], []], [[], []], [[40.0, -2.4492935982947065e-15], [-2.4492935982947065e-15, -40.0]], [[], []], [[20.0, -1.2246467991473533e-15], [-4.898587196589413e-15, -80.0]], [[-4.898587196589413e-15, -80.0], [-20.0, 1.2246467991473533e-15]], [[], []], [[-2.4492935982947065e-15, -40.0], [-40.0, 2.4492935982947065e-15]], [[], []], [[], []], [[40.0, -2.4492935982947065e-15], [-2.4492935982947065e-15, -40.0]], [[], []], [[], []], [[2.4492935982947065e-15, 40.0], [40.0, -2.4492935982947065e-15]]]","[-40.0, 0.0, 360.0, 220.0]","[[[320.0, 40.0], [360.0, 40.0], [360.0, 180.0], [320.0, 180.0]], [[320.0, 180.0], [320.0, 220.0], [240.0, 220.0], [240.0, 180.0], [320.0, 40.0]], [[320.0, 40.0], [240.0, 180.0], [200.0, 180.0], [200.0, 160.0]], [[0.0, 40.0], [0.0, 0.0], [320.0, 0.0], [320.0, 40.0], [200.0, 160.0], [120.0, 160.0]], [[0.0, 40.0], [120.0, 160.0], [120.0, 180.0], [80.0, 180.0]], [[80.0, 180.0], [80.0, 220.0], [0.0, 220.0], [0.0, 180.0]], [[0.0, 180.0], [-40.0, 180.0], [-40.0, 40.0], [0.0, 40.0], [80.0, 180.0]]]"
0,3,1,1,"[[280.0, 100.0], [240.0, 100.0], [240.0, 40.0], [40.0, 40.0], [40.0, 100.0], [0.0, 100.0], [0.0, 0.0], [280.0, 0.0], [280.0, 100.0]]","[[120.0, 40.0], [80.0, 40.0], [80.0, 80.0], [40.0, 80.0], [40.0, 40.0], [0.0, 40.0], [0.0, 0.0], [40.0, 0.0], [40.0, -40.0], [80.0, -40.0], [80.0, 0.0], [120.0, 0.0], [120.0, 40.0]]","[[0.0, 0.0], [320.0, 0.0], [320.0, 40.0], [360.0, 40.0], [360.0, 180.0], [320.0, 180.0], [320.0, 220.0], [240.0, 220.0], [240.0, 180.0], [200.0, 180.0], [200.0, 160.0], [120.0, 160.0], [120.0, 180.0], [80.0, 180.0], [80.0, 220.0], [0.0, 220.0], [0.0, 180.0], [-40.0, 180.0], [-40.0, 40.0], [0.0, 40.0]]","[1, 1, 0, 1, 1, 0, 1, 1, 0, 1, 0, 0, 1, 0, 1, 1, 0, 1, 1, 0]","[[[], []], [[], []], [[-40.0, 2.4492935982947065e-15], [2.4492935982947065e-15, 40.0]], [[], []], [[], []], [[-2.4492935982947065e-15, -40.0], [-40.0, 2.4492935982947065e-15]], [[], []], [[], []], [[40.0, -2.4492935982947065e-15], [-2.4492935982947065e-15, -40.0]], [[], []], [[20.0, -1.2246467991473533e-15], [-4.898587196589413e-15, -80.0]], [[-4.898587196589413e-15, -80.0], [-20.0, 1.2246467991473533e-15]], [[], []], [[-2.4492935982947065e-15, -40.0], [-40.0, 2.4492935982947065e-15]], [[], []], [[], []], [[40.0, -2.4492935982947065e-15], [-2.4492935982947065e-15, -40.0]], [[], []], [[], []], [[2.4492935982947065e-15, 40.0], [40.0, -2.4492935982947065e-15]]]","[-40.0, 0.0, 360.0, 220.0]","[[[320.0, 40.0], [360.0, 40.0], [360.0, 180.0], [320.0, 180.0]], [[320.0, 180.0], [320.0, 220.0], [240.0, 220.0], [240.0, 180.0], [320.0, 40.0]], [[320.0, 40.0], [240.0, 180.0], [200.0, 180.0], [200.0, 160.0]], [[0.0, 40.0], [0.0, 0.0], [320.0, 0.0], [320.0, 40.0], [200.0, 160.0], [120.0, 160.0]], [[0.0, 40.0], [120.0, 160.0], [120.0, 180.0], [80.0, 180.0]], [[80.0, 180.0], [80.0, 220.0], [0.0, 220.0], [0.0, 180.0]], [[0.0, 180.0], [-40.0, 180.0], [-40.0, 40.0], [0.0, 40.0], [80.0, 180.0]]]"
1,0,0,0,"[[-120.0, 120.0], [0.0, 0.0], [120.0, 120.0], [0.0, 240.0], [-120.0, 120.0]]","[[0.0, 0.0], [40.0, 0.0], [40.0, 60.0], [240.0, 60.0], [240.0, 0.0], [280.0, 0.0], [280.0, 100.0], [0.0, 100.0], [0.0, 0.0]]","[[0.0, 0.0], [280.0, 0.0], [400.0, 120.0], [400.0, 220.0], [280.0, 340.0], [240.0, 340.0], [180.0, 280.0], [100.0, 280.0], [40.0, 340.0], [0.0, 340.0], [-120.0, 220.0], [-120.0, 120.0]]","[1, 1, 1, 1, 1, 1, 0, 0, 1, 1, 1, 1]","[[[], []], [[], []], [[], []], [[], []], [[], []], [[], []], [[59.99999999999999, -60.00000000000001], [-4.898587196589413e-15, -80.0]], [[-4.898587196589413e-15, -80.0], [-60.00000000000001, -59.99999999999999]], [[], []], [[], []], [[], []], [[], []]]","[-120.0, 0.0, 400.0, 340.0]","[[[400.0, 220.0], [280.0, 340.0], [240.0, 340.0], [180.0, 280.0]], [[100.0, 280.0], [40.0, 340.0], [0.0, 340.0], [-120.0, 220.0]], [[-120.0, 220.0], [-120.0, 120.0], [0.0, 0.0], [280.0, 0.0], [400.0, 120.0], [400.0, 220.0], [180.0, 280.0], [100.0, 280.0]]]"
1,0,0,1,"[[-120.0, 120.0], [0.0, 0.0], [120.0, 120.0], [0.0, 240.0], [-120.0, 120.0]]","[[280.0, 100.0], [240.0, 100.0], [240.0, 40.0], [40.0, 40.0], [40.0, 100.0], [0.0, 100.0], [0.0, 0.0], [280.0, 0.0], [280.0, 100.0]]","[[0.0, 0.0], [40.0, 0.0], [100.0, 60.0], [180.0, 60.0], [240.0, 0.0], [280.0, 0.0], [400.0, 120.0], [400.0, 220.0], [280.0, 340.0], [0.0, 340.0], [-120.0, 220.0], [-120.0, 120.0]]","[1, 1, 0, 0, 1, 1, 1, 1, 1, 1, 1, 1]","[[[], []], [[], []], [[-59.99999999999999, 60.00000000000001], [4.898587196589413e-15, 80.0]], [[4.898587196589413e-15, 80.0], [60.00000000000001, 59.99999999999999]], [[], []], [[], []], [[], []], [[], []], [[], []], [[], []], [[], []], [[], []]]","[-120.0, 0.0, 400.0, 340.0]","[[[-120.0, 120.0], [0.0, 0.0], [40.0, 0.0], [100.0, 60.0]], [[180.0, 60.0], [240.0, 0.0], [280.0, 0.0], [400.0, 120.0]], [[400.0, 120.0], [400.0, 220.0], [280.0, 340.0], [0.0, 340.0], [-120.0, 220.0], [-120.0, 120.0], [100.0, 60.0], [180.0, 60.0]]]"
1,0,1,0,"[[120.0, 120.0], [0.0, 240.0], [-120.0, 120.0], [0.0, 0.0], [120.0, 120.0]]","[[0.0, 0.0], [40.0, 0.0], [40.0, 60.0], [240.0, 60.0], [240.0, 0.0], [280.0, 0.0], [280.0, 100.0], [0.0, 100.0], [0.0, 0.0]]","[[0.0, 0.0], [280.0, 0.0], [400.0, 120.0], [400.0, 220.0], [280.0, 340.0], [240.0, 340.0], [180.0, 280.0], [100.0, 280.0], [40.0, 340.0], [0.0, 340.0], [-120.0, 220.0], [-120.0, 120.0]]","[1, 1, 1, 1, 1, 1, 0, 0, 1, 1, 1, 1]","[[[], []], [[], []], [[], []], [[], []], [[], []], [[], []], [[59.99999999999999, -60.00000000000001], [-4.898587196589413e-15, -80.0]], [[-4.898587196589413e-15, -80.0], [-60.00000000000001, -59.99999999999999]], [[], []], [[], []], [[], []], [[], []]]","[-120.0, 0.0, 400.0, 340.0]","[[[400.0, 220.0], [280.0, 340.0], [240.0, 340.0], [180.0, 280.0]], [[100.0, 280.0], [40.0, 340.0], [0.0, 340.0], [-120.0, 220.0]], [[-120.0, 220.0], [-120.0, 120.0], [0.0, 0.0], [280.0, 0.0], [400.0, 120.0], [400.0, 220.0], [180.0, 280.0], [100.0, 280.0]]]"
1,0,1,1,"[[120.0, 120.0], [0.0, 240.0], [-120.0, 120.0], [0.0, 0.0], [120.0, 120.0]]","[[280.0, 100.0], [240.0, 100.0], [240.0, 40.0], [40.0, 40.0], [40.0, 100.0], [0.0, 100.0], [0.0, 0.0], [280.0, 0.0], [280.0, 100.0]]","[[0.0, 0.0], [40.0, 0.0], [100.0, 60.0], [180.0, 60.0], [240.0, 0.0], [280.0, 0.0], [400.0, 120.0], [400.0, 220.0], [280.0, 340.0], [0.0, 340.0], [-120.0, 220.0], [-120.0, 120.0]]","[1, 1, 0, 0, 1, 1, 1, 1, 1, 1, 1, 1]","[[[], []], [[], []], [[-59.99999999999999, 60.00000000000001], [4.898587196589413e-15, 80.0]], [[4.898587196589413e-15, 80.0], [60.00000000000001, 59.99999999999999]], [[], []], [[], []], [[], []], [[], []], [[], []], [[], []], [[], []], [[], []]]","[-120.0, 0.0, 400.0, 340.0]","[[[-120.0, 120.0], [0.0, 0.0], [40.0, 0.0], [100.0, 60.0]], [[180.0, 60.0], [240.0, 0.0], [280.0, 0.0], [400.0, 120.0]], [[400.0, 120.0], [400.0, 220.0], [280.0, 340.0], [0.0, 340.0], [-120.0, 220.0], [-120.0, 120.0], [100.0, 60.0], [180.0, 60.0]]]"
1,1,0,0,"[[-120.0, 120.0], [0.0, 0.0], [120.0, 120.0], [0.0, 240.0], [-120.0, 120.0]]","[[0.0, 0.0], [120.0, -120.0], [240.0, 0.0], [120.0, 120.0], [0.0, 0.0]]","[[0.0, 0.0], [240.0, 240.0], [0.0, 480.0], [-240.0, 240.0]]","[1, 1, 1, 1]","[[[], []], [[], []], [[], []], [[], []]]","[-240.0, 0.0, 240.0, 480.0]","[[[0.0, 0.0], [240.0, 240.0], [0.0, 480.0], [-240.0, 240.0]]]"
1,1,0,1,"[[-120.0, 120.0], [0.0, 0.0], [120.0, 120.0], [0.0, 240.0], [-120.0, 120.0]]","[[240.0, 0.0], [120.0, 120.0], [0.0, 0.0], [120.0, -120.0], [240.0, 0.0]]","[[0.0, 0.0], [240.0, 240.0], [0.0, 480.0], [-240.0, 240.0]]","[1, 1, 1, 1]","[[[], []], [[], []], [[], []], [[], []]]","[-240.0, 0.0, 240.0, 480.0]","[[[0.0, 0.0], [240.0, 240.0], [0.0, 480.0], [-240.0, 240.0]]]"
1,1,1,0,"[[120.0, 120.0], [0.0, 240.0], [-120.0, 120.0], [0.0, 0.0], [120.0, 120.0]]","[[0.0, 0.0], [120.0, -120.0], [240.0, 0.0], [120.0, 120.0], [0.0, 0.0]]","[[0.0, 0.0], [240.0, 240.0], [0.0, 480.0], [-240.0, 240.0]]","[1, 1, 1, 1]","[[[], []], [[], []], [[], []], [[], []]]","[-240.0, 0.0, 240.0, 480.0]","[[[0.0, 0.0], [240.0, 240.0], [0.0, 480.0], [-240.0, 240.0]]]"
1,1,1,1,"[[120.0, 120.0], [0.0, 240.0], [-120.0, 120.0], [0.0, 0.0], [120.0, 120.0]]","[[240.0, 0.0], [120.0, 120.0], [0.0, 0.0], [120.0, -120.0], [240.0, 0.0]]","[[0.0, 0.0], [240.0, 240.0], [0.0, 480.0], [-240.0, 240.0]]","[1, 1, 1, 1]","[[[], []], [[], []], [[], []], [[], []]]","[-240.0, 0.0, 240.0, 480.0]","[[[0.0, 0.0], [240.0, 240.0], [0.0, 480.0], [-240.0, 240.0]]]"
1,2,0,0,"[[-120.0, 120.0], [0.0, 0.0], [120.0, 120.0], [0.0, 240.0], [-120.0, 120.0]]","[[0.0, 0.0], [120.0, 0.0], [120.0, -40.0], [140.0, -40.0], [220.0, 40.0], [220.0, 80.0], [160.0, 80.0], [160.0, 20.0], [40.0, 20.0], [40.0, 80.0], [0.0, 80.0], [0.0, 0.0]]","[[0.0, 0.0], [60.0, 0.0], [120.0, 60.0], [180.0, 0.0], [220.0, 0.0], [340.0, 120.0], [340.0, 200.0], [220.0, 320.0], [140.0, 320.0], [100.0, 360.0], [80.0, 360.0], [-120.0, 160.0], [-120.0, 120.0]]","[1, 1, 0, 1, 1, 1, 1, 1, 0, 1, 1, 1, 1]","[[[], []], [[], []], [[-59.99999999999999, 60.00000000000001], [60.00000000000001, 59.99999999999999]], [[], []], [[], []], [[], []], [[], []], [[], []], [[-4.898587196589413e-15, -80.0], [-40.0, -40.0]], [[], []], [[], []], [[], []], [[], []]]","[-120.0, 0.0, 340.0, 360.0]","[[[120.0, 60.0], [180.0, 0.0], [220.0, 0.0], [340.0, 120.0], [340.0, 200.0], [220.0, 320.0], [140.0, 320.0]], [[140.0, 320.0], [100.0, 360.0], [80.0, 360.0], [-120.0, 160.0], [-120.0, 120.0], [0.0, 0.0], [60.0, 0.0], [120.0, 60.0]]]"
1,2,0,1,"[[-120.0, 120.0], [0.0, 0.0], [120.0, 120.0], [0.0, 240.0], [-120.0, 120.0]]","[[220.0, 40.0], [100.0, 40.0], [100.0, 80.0], [80.0, 80.0], [0.0, 0.0], [0.0, -40.0], [60.0, -40.0], [60.0, 20.0], [180.0, 20.0], [180.0, -40.0], [220.0, -40.0], [220.0, 40.0]]","[[0.0, 0.0], [20.0, 0.0], [220.0, 200.0], [220.0, 240.0], [100.0, 360.0], [40.0, 360.0], [-20.0, 300.0], [-80.0, 360.0], [-120.0, 360.0], [-240.0, 240.0], [-240.0, 160.0], [-120.0, 40.0], [-40.0, 40.0]]","[1, 1, 1, 1, 1, 1, 0, 1, 1, 1, 1, 1, 0]","[[[], []], [[], []], [[], []], [[], []], [[], []], [[], []], [[59.99999999999999, -60.00000000000001], [-60.00000000000001, -59.99999999999999]], [[], []], [[], []], [[], []], [[], []], [[], []], [[4.898587196589413e-15, 80.0], [40.0, 40.0]]]","[-240.0, 0.0, 220.0, 360.0]","[[[-20.0, 300.0], [-80.0, 360.0], [-120.0, 360.0], [-240.0, 240.0], [-240.0, 160.0], [-120.0, 40.0], [-40.0, 40.0]], [[-40.0, 40.0], [0.0, 0.0], [20.0, 0.0], [220.0, 200.0], [220.0, 240.0], [100.0, 360.0], [40.0, 360.0], [-20.0, 300.0]]]"
1,2,1,0,"[[120.0, 120.0], [0.0, 240.0], [-120.0, 120.0], [0.0, 0.0], [120.0, 120.0]]","[[0.0, 0.0], [120.0, 0.0], [120.0, -40.0], [140.0, -40.0], [220.0, 40.0], [220.0, 80.0], [160.0, 80.0], [160.0, 20.0], [40.0, 20.0], [40.0, 80.0], [0.0, 80.0], [0.0, 0.0]]","[[0.0, 0.0], [60.0, 0.0], [120.0, 60.0], [180.0, 0.0], [220.0, 0.0], [340.0, 120.0], [340.0, 200.0], [220.0, 320.0], [140.0, 320.0], [100.0, 360.0], [80.0, 360.0], [-120.0, 160.0], [-120.0, 120.0]]","[1, 1, 0, 1, 1, 1, 1, 1, 0, 1, 1, 1, 1]","[[[], []], [[], []], [[-59.99999999999999, 60.00000000000001], [60.00000000000001, 59.99999999999999]], [[], []], [[], []], [[], []], [[], []], [[], []], [[-4.898587196589413e-15, -80.0], [-40.0, -40.0]], [[], []], [[], []], [[], []], [[], []]]","[-120.0, 0.0, 340.0, 360.0]","[[[120.0, 60.0], [180.0, 0.0], [220.0, 0.0], [340.0, 120.0], [340.0, 200.0], [220.0, 320.0], [140.0, 320.0]], [[140.0, 320.0], [100.0, 360.0], [80.0, 360.0], [-120.0, 160.0], [-120.0, 120.0], [0.0, 0.0], [60.0, 0.0], [120.0, 60.0]]]"
1,2,1,1,"[[120.0, 120.0], [0.0, 240.0], [-120.0, 120.0], [0.0, 0.0], [120.0, 120.0]]","[[220.0, 40.0], [100.0, 40.0], [100.0, 80.0], [80.0, 80.0], [0.0, 0.0], [0.0, -40.0], [60.0, -40.0], [60.0, 20.0], [180.0, 20.0], [180.0, -40.0], [220.0, -40.0], [220.0, 40.0]]","[[0.0, 0.0], [20.0, 0.0], [220.0, 200.0], [220.0, 240.0], [100.0, 360.0], [40.0, 360.0], [-20.0, 300.0], [-80.0, 360.0], [-120.0, 360.0], [-240.0, 240.0], [-240.0, 160.0], [-120.0, 40.0], [-40.0, 40.0]]","[1, 1, 1, 1, 1, 1, 0, 1, 1, 1, 1, 1, 0]","[[[], []], [[], []], [[], []], [[], []], [[], []], [[], []], [[59.99999999999999, -60.00000000000001], [-60.00000000000001, -59.99999999999999]], [[], []], [[], []], [[], []], [[], []], [[], []], [[4.898587196589413e-15, 80.0], [40.0, 40.0]]]","[-240.0, 0.0, 220.0, 360.0]","[[[-20.0, 300.0], [-80.0, 360.0], [-120.0, 360.0], [-240.0, 240.0], [-240.0, 160.0], [-120.0, 40.0], [-40.0, 40.0]], [[-40.0, 40.0], [0.0, 0.0], [20.0, 0.0], [220.0, 200.0], [220.0, 240.0], [100.0, 360.0], [40.0, 360.0], [-20.0, 300.0]]]"
1,3,0,0,"[[-120.0, 120.0], [0.0, 0.0], [120.0, 120.0], [0.0, 240.0], [-120.0, 120.0]]","[[0.0, 0.0], [40.0, 0.0], [40.0, -40.0], [80.0, -40.0], [80.0, 0.0], [120.0, 0.0], [120.0, 40.0], [80.0, 40.0], [80.0, 80.0], [40.0, 80.0], [40.0, 40.0], [0.0, 40.0], [0.0, 0.0]]","[[0.0, 0.0], [40.0, 0.0], [200.0, 160.0], [200.0, 200.0], [40.0, 360.0], [0.0, 360.0], [-160.0, 200.0], [-160.0, 160.0]]","[1, 1, 1, 1, 1, 1, 1, 1]","[[[], []], [[], []], [[], []], [[], []], [[], []], [[], []], [[], []], [[], []]]","[-160.0, 0.0, 200.0, 360.0]","[[[0.0, 0.0], [40.0, 0.0], [200.0, 160.0], [200.0, 200.0], [40.0, 360.0], [0.0, 360.0], [-160.0, 200.0], [-160.0, 160.0]]]"
1,3,0,1,"[[-120.0, 120.0], [0.0, 0.0], [120.0, 120.0], [0.0, 240.0], [-120.0, 120.0]]","[[120.0, 40.0], [80.0, 40.0], [80.0, 80.0], [40.0, 80.0], [40.0, 40.0], [0.0, 40.0], [0.0, 0.0], [40.0, 0.0], [40.0, -40.0], [80.0, -40.0], [80.0, 0.0], [120.0, 0.0], [120.0, 40.0]]","[[0.0, 0.0], [40.0, 0.0], [200.0, 160.0], [200.0, 200.0], [40.0, 360.0], [0.0, 360.0], [-160.0, 200.0], [-160.0, 160.0]]","[1, 1, 1, 1, 1, 1, 1, 1]","[[[], []], [[], []], [[], []], [[], []], [[], []], [[], []], [[], []], [[], []]]","[-160.0, 0.0, 200.0, 360.0]","[[[0.0, 0.0], [40.0, 0.0], [200.0, 160.0], [200.0, 200.0], [40.0, 360.0], [0.0, 360.0], [-160.0, 200.0], [-160.0, 160.0]]]"
1,3,1,0,"[[120.0, 120.0], [0.0, 240.0], [-120.0, 120.0], [0.0, 0.0], [120.0, 120.0]]","[[0.0, 0.0], [40.0, 0.0], [40.0, -40.0], [80.0, -40.0], [80.0, 0.0], [120.0, 0.0], [120.0, 40.0], [80.0, 40.0], [80.0, 80.0], [40.0, 80.0], [40.0, 40.0], [0.0, 40.0], [0.0, 0.0]]","[[0.0, 0.0], [40.0, 0.0], [200.0, 160.0], [200.0, 200.0], [40.0, 360.0], [0.0, 360.0], [-160.0, 200.0], [-160.0, 160.0]]","[1, 1, 1, 1, 1, 1, 1, 1]","[[[], []], [[], []], [[], []], [[], []], [[], []], [[], []], [[], []], [[], []]]","[-160.0, 0.0, 200.0, 360.0]","[[[0.0, 0.0], [40.0, 0.0], [200.0, 160.0], [200.0, 200.0], [40.0, 360.0], [0.0, 360.0], [-160.0, 200.0], [-160.0, 160.0]]]"
1,3,1,1,"[[120.0, 120.0], [0.0, 240.0], [-120.0, 120.0], [0.0, 0.0], [120.0, 120.0]]","[[120.0, 40.0], [80.0, 40.0], [80.0, 80.0], [40.0, 80.0], [40.0, 40.0], [0.0, 40.0], [0.0, 0.0], [40.0, 0.0], [40.0, -40.0], [80.0, -40.0], [80.0, 0.0], [120.0, 0.0], [120.0, 40.0]]","[[0.0, 0.0], [40.0, 0.0], [200.0, 160.0], [200.0, 200.0], [40.0, 360.0], [0.0, 360.0], [-160.0, 200.0], [-160.0, 160.0]]","[1, 1, 1, 1, 1, 1, 1, 1]","[[[], []], [[], []], [[], []], [[], []], [[], []], [[], []], [[], []], [[], []]]","[-160.0, 0.0, 200.0, 360.0]","[[[0.0, 0.0], [40.0, 0.0], [200.0, 160.0], [200.0, 200.0], [40.0, 360.0], [0.0, 360.0], [-160.0, 200.0], [-160.0, 160.0]]]"
2,0,0,0,"[[-120.0, 40.0], [0.0, 40.0], [0.0, 0.0], [20.0, 0.0], [100.0, 80.0], [100.0, 120.0], [40.0, 120.0], [40.0, 60.0], [-80.0, 60.0], [-80.0, 120.0], [-120.0, 120.0], [-120.0, 40.0]]","[[0.0, 0.0], [40.0, 0.0], [40.0, 60.0], [240.0, 60.0], [240.0, 0.0], [280.0, 0.0], [280.0, 100.0], [0.0, 100.0], [0.0, 0.0]]","[[0.0, 0.0], [300.0, 0.0], [380.0, 80.0], [380.0, 220.0], [280.0, 220.0], [280.0, 160.0], [200.0, 160.0], [200.0, 220.0], [40.0, 220.0], [40.0, 160.0], [-40.0, 160.0], [-40.0, 220.0], [-120.0, 220.0], [-120.0, 40.0], [0.0, 40.0]]","[1, 1, 1, 1, 1, 0, 0, 1, 1, 0, 0, 1, 1, 1, 0]","[[[], []], [[], []], [[], []], [[], []], [[], []], [[60.0, -3.67394039744206e-15], [-4.898587196589413e-15, -80.0]], [[-4.898587196589413e-15, -80.0], [-60.0, 3.67394039744206e-15]], [[], []], [[], []], [[60.0, -3.67394039744206e-15], [-4.898587196589413e-15, -80.0]], [[-4.898587196589413e-15, -80.0], [-60.0, 3.67394039744206e-15]], [[], []], [[], []], [[], []], [[7.34788079488412e-15, 120.0], [40.0, -2.4492935982947065e-15]]]","[-120.0, 0.0, 380.0, 220.0]","[[[380.0, 80.0], [380.0, 220.0], [280.0, 220.0], [280.0, 160.0]], [[0.0, 40.0], [0.0, 0.0], [300.0, 0.0], [380.0, 80.0], [280.0, 160.0], [200.0, 160.0]], [[200.0, 160.0], [200.0, 220.0], [40.0, 220.0], [40.0, 160.0]], [[-40.0, 160.0], [-40.0, 220.0], [-120.0, 220.0], [-120.0, 40.0]], [[-120.0, 40.0], [0.0, 40.0], [200.0, 160.0], [40.0, 160.0], [-40.0, 160.0]]]"
2,0,0,1,"[[-120.0, 40.0], [0.0, 40.0], [0.0, 0.0], [20.0, 0.0], [100.0, 80.0], [100.0, 120.0], [40.0, 120.0], [40.0, 60.0], [-80.0, 60.0], [-80.0, 120.0], [-120.0, 120.0], [-120.0, 40.0]]","[[280.0, 100.0], [240.0, 100.0], [240.0, 40.0], [40.0, 40.0], [40.0, 100.0], [0.0, 100.0], [0.0, 0.0], [280.0, 0.0], [280.0, 100.0]]","[[0.0, 0.0], [60.0, 0.0], [120.0, 60.0], [120.0, 40.0], [240.0, 40.0], [240.0, 0.0], [300.0, 0.0], [380.0, 80.0], [380.0, 220.0], [-120.0, 220.0], [-120.0, 40.0], [0.0, 40.0]]","[1, 1, 0, 1, 0, 1, 1, 1, 1, 1, 1, 0]","[[[], []], [[], []], [[-59.99999999999999, 60.00000000000001], [20.0, -1.2246467991473533e-15]], [[], []], [[7.34788079488412e-15, 120.0], [40.0, -2.4492935982947065e-15]], [[], []], [[], []], [[], []], [[], []], [[], []], [[], []], [[7.34788079488412e-15, 120.0], [40.0, -2.4492935982947065e-15]]]","[-120.0, 0.0, 380.0, 220.0]","[[[0.0, 40.0], [0.0, 0.0], [60.0, 0.0], [120.0, 60.0]], [[120.0, 60.0], [200.0, 220.0], [-120.0, 220.0], [-120.0, 40.0], [0.0, 40.0]], [[240.0, 40.0], [240.0, 0.0], [300.0, 0.0], [380.0, 80.0]], [[380.0, 80.0], [380.0, 220.0], [200.0, 220.0], [120.0, 60.0], [120.0, 40.0], [240.0, 40.0]]]"
2,0,1,0,"[[220.0, 80.0], [100.0, 80.0], [100.0, 120.0], [80.0, 120.0], [0.0, 40.0], [0.0, 0.0], [60.0, 0.0], [60.0, 60.0], [180.0, 60.0], [180.0, 0.0], [220.0, 0.0], [220.0, 80.0]]","[[0.0, 0.0], [40.0, 0.0], [40.0, 60.0], [240.0, 60.0], [240.0, 0.0], [280.0, 0.0], [280.0, 100.0], [0.0, 100.0], [0.0, 0.0]]","[[0.0, 0.0], [500.0, 0.0], [500.0, 180.0], [380.0, 180.0], [380.0, 220.0], [320.0, 220.0], [260.0, 160.0], [260.0, 180.0], [140.0, 180.0], [140.0, 220.0], [80.0, 220.0], [0.0, 140.0]]","[1, 1, 1, 0, 1, 1, 0, 1, 0, 1, 1, 1]","[[[], []], [[], []], [[], []], [[-7.34788079488412e-15, -120.0], [-40.0, 2.4492935982947065e-15]], [[], []], [[], []], [[59.99999999999999, -60.00000000000001], [-20.0, 1.2246467991473533e-15]], [[], []], [[-7.34788079488412e-15, -120.0], [-40.0, 2.4492935982947065e-15]], [[], []], [[], []], [[], []]]","[0.0, 0.0, 500.0, 220.0]",[]
2,0,1,1,"[[220.0, 80.0], [100.0, 80.0], [100.0, 120.0], [80.0, 120.0], [0.0, 40.0], [0.0, 0.0], [60.0, 0.0], [60.0, 60.0], [180.0, 60.0], [180.0, 0.0], [220.0, 0.0], [220.0, 80.0]]","[[280.0, 100.0], [240.0, 100.0], [240.0, 40.0], [40.0, 40.0], [40.0, 100.0], [0.0, 100.0], [0.0, 0.0], [280.0, 0.0], [280.0, 100.0]]","[[0.0, 0.0], [100.0, 0.0], [100.0, 60.0], [180.0, 60.0], [180.0, 0.0], [340.0, 0.0], [340.0, 60.0], [420.0, 60.0], [420.0, 0.0], [500.0, 0.0], [500.0, 180.0], [380.0, 180.0], [380.0, 220.0], [80.0, 220.0], [0.0, 140.0]]","[1, 1, 0, 0, 1, 1, 0, 0, 1, 1, 1, 0, 1, 1, 1]","[[[], []], [[], []], [[-60.0, 3.67394039744206e-15], [4.898587196589413e-15, 80.0]], [[4.898587196589413e-15, 80.0], [60.0, -3.67394039744206e-15]], [[], []], [[], []], [[-60.0, 3.67394039744206e-15], [4.898587196589413e-15, 80.0]], [[4.898587196589413e-15, 80.0], [60.0, -3.67394039744206e-15]], [[], []], [[], []], [[], []], [[-7.34788079488412e-15, -120.0], [-40.0, 2.4492935982947065e-15]], [[], []], [[], []], [[], []]]","[0.0, 0.0, 500.0, 220.0]","[[[0.0, 140.0], [0.0, 0.0], [100.0, 0.0], [100.0, 60.0]], [[380.0, 180.0], [380.0, 220.0], [80.0, 220.0], [0.0, 140.0], [100.0, 60.0], [180.0, 60.0]], [[180.0, 60.0], [180.0, 0.0], [340.0, 0.0], [340.0, 60.0]], [[420.0, 60.0], [420.0, 0.0], [500.0, 0.0], [500.0, 180.0]], [[500.0, 180.0], [380.0, 180.0], [180.0, 60.0], [340.0, 60.0], [420.0, 60.0]]]"
2,1,0,0,"[[-120.0, 40.0], [0.0, 40.0], [0.0, 0.0], [20.0, 0.0], [100.0, 80.0], [100.0, 120.0], [40.0, 120.0], [40.0, 60.0], [-80.0, 60.0], [-80.0, 120.0], [-120.0, 120.0], [-120.0, 40.0]]","[[0.0, 0.0], [120.0, -120.0], [240.0, 0.0], [120.0, 120.0], [0.0, 0.0]]","[[0.0, 0.0], [20.0, 0.0], [220.0, 200.0], [220.0, 240.0], [100.0, 360.0], [40.0, 360.0], [-20.0, 300.0], [-80.0, 360.0], [-120.0, 360.0], [-240.0, 240.0], [-240.0, 160.0], [-120.0, 40.0], [-40.0, 40.0]]","[1, 1, 1, 1, 1, 1, 0, 1, 1, 1, 1, 1, 0]","[[[], []], [[], []], [[], []], [[], []], [[], []], [[], []], [[59.99999999999999, -60.00000000000001], [-60.00000000000001, -59.99999999999999]], [[], []], [[], []], [[], []], [[], []], [[], []], [[4.898587196589413e-15, 80.0], [40.0, 40.0]]]","[-240.0, 0.0, 220.0, 360.0]","[[[-20.0, 300.0], [-80.0, 360.0], [-120.0, 360.0], [-240.0, 240.0], [-240.0, 160.0], [-120.0, 40.0], [-40.0, 40.0]], [[-40.0, 40.0], [0.0, 0.0], [20.0, 0.0], [220.0, 200.0], [220.0, 240.0], [100.0, 360.0], [40.0, 360.0], [-20.0, 300.0]]]"
2,1,0,1,"[[-120.0, 40.0], [0.0, 40.0], [0.0, 0.0], [20.0, 0.0], [100.0, 80.0], [100.0, 120.0], [40.0, 120.0], [40.0, 60.0], [-80.0, 60.0], [-80.0, 120.0], [-120.0, 120.0], [-120.0, 40.0]]","[[240.0, 0.0], [120.0, 120.0], [0.0, 0.0], [120.0, -120.0], [240.0, 0.0]]","[[0.0, 0.0], [20.0, 0.0], [220.0, 200.0], [220.0, 240.0], [100.0, 360.0], [40.0, 360.0], [-20.0, 300.0], [-80.0, 360.0], [-120.0, 360.0], [-240.0, 240.0], [-240.0, 160.0], [-120.0, 40.0], [-40.0, 40.0]]","[1, 1, 1, 1, 1, 1, 0, 1, 1, 1, 1, 1, 0]","[[[], []], [[], []], [[], []], [[], []], [[], []], [[], []], [[59.99999999999999, -60.00000000000001], [-60.00000000000001, -59.99999999999999]], [[], []], [[], []], [[], []], [[], []], [[], []], [[4.898587196589413e-15, 80.0], [40.0, 40.0]]]","[-240.0, 0.0, 220.0, 360.0]","[[[-20.0, 300.0], [-80.0, 360.0], [-120.0, 360.0], [-240.0, 240.0], [-240.0, 160.0], [-120.0, 40.0], [-40.0, 40.0]], [[-40.0, 40.0], [0.0, 0.0], [20.0, 0.0], [220.0, 200.0], [220.0, 240.0], [100.0, 360.0], [40.0, 360.0], [-20.0, 300.0]]]"
2,1,1,0,"[[220.0, 80.0], [100.0, 80.0], [100.0, 120.0], [80.0, 120.0], [0.0, 40.0], [0.0, 0.0], [60.0, 0.0], [60.0, 60.0], [180.0, 60.0], [180.0, 0.0], [220.0, 0.0], [220.0, 80.0]]","[[0.0, 0.0], [120.0, -120.0], [240.0, 0.0], [120.0, 120.0], [0.0, 0.0]]","[[0.0, 0.0], [60.0, 0.0], [120.0, 60.0], [180.0, 0.0], [220.0, 0.0], [340.0, 120.0], [340.0, 200.0], [220.0, 320.0], [140.0, 320.0], [100.0, 360.0], [80.0, 360.0], [-120.0, 160.0], [-120.0, 120.0]]","[1, 1, 0, 1, 1, 1, 1, 1, 0, 1, 1, 1, 1]","[[[], []], [[], []], [[-59.99999999999999, 60.00000000000001], [60.00000000000001, 59.99999999999999]], [[], []], [[], []], [[], []], [[], []], [[], []], [[-4.898587196589413e-15, -80.0], [-40.0, -40.0]], [[], []], [[], []], [[], []], [[], []]]","[-120.0, 0.0, 340.0, 360.0]","[[[120.0, 60.0], [180.0, 0.0], [220.0, 0.0], [340.0, 120.0], [340.0, 200.0], [220.0, 320.0], [140.0, 320.0]], [[140.0, 320.0], [100.0, 360.0], [80.0, 360.0], [-120.0, 160.0], [-120.0, 120.0], [0.0, 0.0], [60.0, 0.0], [120.0, 60.0]]]"
2,1,1,1,"[[220.0, 80.0], [100.0, 80.0], [100.0, 120.0], [80.0, 120.0], [0.0, 40.0], [0.0, 0.0], [60.0, 0.0], [60.0, 60.0], [180.0, 60.0], [180.0, 0.0], [220.0, 0.0], [220.0, 80.0]]","[[240.0, 0.0], [120.0, 120.0], [0.0, 0.0], [120.0, -120.0], [240.0, 0.0]]","[[0.0, 0.0], [60.0, 0.0], [120.0, 60.0], [180.0, 0.0], [220.0, 0.0], [340.0, 120.0], [340.0, 200.0], [220.0, 320.0], [140.0, 320.0], [100.0, 360.0], [80.0, 360.0], [-120.0, 160.0], [-120.0, 120.0]]","[1, 1, 0, 1, 1, 1, 1, 1, 0, 1, 1, 1, 1]","[[[], []], [[], []], [[-59.99999999999999, 60.00000000000001], [60.00000000000001, 59.99999999999999]], [[], []], [[], []], [[], []], [[], []], [[], []], [[-4.898587196589413e-15, -80.0], [-40.0, -40.0]], [[], []], [[], []], [[], []], [[], []]]","[-120.0, 0.0, 340.0, 360.0]","[[[120.0, 60.0], [180.0, 0.0], [220.0, 0.0], [340.0, 120.0], [340.0, 200.0], [220.0, 320.0], [140.0, 320.0]], [[140.0, 320.0], [100.0, 360.0], [80.0, 360.0], [-120.0, 160.0], [-120.0, 120.0], [0.0, 0.0], [60.0, 0.0], [120.0, 60.0]]]"
2,2,0,0,"[[-120.0, 40.0], [0.0, 40.0], [0.0, 0.0], [20.0, 0.0], [100.0, 80.0], [100.0, 120.0], [40.0, 120.0], [40.0, 60.0], [-80.0, 60.0], [-80.0, 120.0], [-120.0, 120.0], [-120.0, 40.0]]","[[0.0, 0.0], [120.0, 0.0], [120.0, -40.0], [140.0, -40.0], [220.0, 40.0], [220.0, 80.0], [160.0, 80.0], [160.0, 20.0], [40.0, 20.0], [40.0, 80.0], [0.0, 80.0], [0.0, 0.0]]","[[0.0, 0.0], [80.0, 0.0], [120.0, 40.0], [180.0, 40.0], [180.0, 0.0], [240.0, 0.0], [320.0, 80.0], [320.0, 200.0], [200.0, 200.0], [200.0, 240.0], [120.0, 240.0], [80.0, 200.0], [20.0, 200.0], [20.0, 240.0], [-40.0, 240.0], [-120.0, 160.0], [-120.0, 40.0], [0.0, 40.0]]","[1, 1, 0, 0, 1, 1, 1, 1, 0, 1, 1, 0, 0, 1, 1, 1, 1, 0]","[[[], []], [[], []], [[-40.0, 40.0], [3.67394039744206e-15, 60.0]], [[3.67394039744206e-15, 60.0], [40.0, -2.4492935982947065e-15]], [[], []], [[], []], [[], []], [[], []], [[-7.34788079488412e-15, -120.0], [-40.0, 2.4492935982947065e-15]], [[], []], [[], []], [[40.0, -40.0], [-3.67394039744206e-15, -60.0]], [[-3.67394039744206e-15, -60.0], [-40.0, 2.4492935982947065e-15]], [[], []], [[], []], [[], []], [[], []], [[7.34788079488412e-15, 120.0], [40.0, -2.4492935982947065e-15]]]","[-120.0, 0.0, 320.0, 240.0]","[[[0.0, 40.0], [0.0, 0.0], [80.0, 0.0], [120.0, 40.0]], [[180.0, 40.0], [180.0, 0.0], [240.0, 0.0], [320.0, 80.0]], [[180.0, 40.0], [320.0, 80.0], [320.0, 200.0], [200.0, 200.0]], [[200.0, 200.0], [200.0, 240.0], [120.0, 240.0], [80.0, 200.0]], [[20.0, 200.0], [20.0, 240.0], [-40.0, 240.0], [-120.0, 160.0]], [[-120.0, 160.0], [-120.0, 40.0], [0.0, 40.0], [120.0, 40.0], [180.0, 40.0], [200.0, 200.0], [80.0, 200.0], [20.0, 200.0]]]"
2,2,0,1,"[[-120.0, 40.0], [0.0, 40.0], [0.0, 0.0], [20.0, 0.0], [100.0, 80.0], [100.0, 120.0], [40.0, 120.0], [40.0, 60.0], [-80.0, 60.0], [-80.0, 120.0], [-120.0, 120.0], [-120.0, 40.0]]","[[220.0, 40.0], [100.0, 40.0], [100.0, 80.0], [80.0, 80.0], [0.0, 0.0], [0.0, -40.0], [60.0, -40.0], [60.0, 20.0], [180.0, 20.0], [180.0, -40.0], [220.0, -40.0], [220.0, 40.0]]","[[0.0, 0.0], [40.0, 0.0], [200.0, 160.0], [200.0, 240.0], [80.0, 240.0], [80.0, 180.0], [20.0, 180.0], [20.0, 240.0], [-80.0, 240.0], [-80.0, 180.0], [-160.0, 180.0], [-160.0, 240.0], [-240.0, 240.0], [-240.0, 80.0], [-120.0, 80.0], [-120.0, 40.0], [0.0, 40.0]]","[1, 1, 1, 1, 1, 0, 0, 1, 1, 0, 0, 1, 1, 1, 0, 1, 0]","[[[], []], [[], []], [[], []], [[], []], [[], []], [[60.0, -3.67394039744206e-15], [-3.67394039744206e-15, -60.0]], [[-3.67394039744206e-15, -60.0], [-60.0, 3.67394039744206e-15]], [[], []], [[], []], [[60.0, -3.67394039744206e-15], [-4.898587196589413e-15, -80.0]], [[-4.898587196589413e-15, -80.0], [-60.0, 3.67394039744206e-15]], [[], []], [[], []], [[], []], [[7.34788079488412e-15, 120.0], [40.0, -2.4492935982947065e-15]], [[], []], [[7.34788079488412e-15, 120.0], [40.0, -2.4492935982947065e-15]]]","[-240.0, 0.0, 200.0, 240.0]","[[[200.0, 160.0], [200.0, 240.0], [80.0, 240.0], [80.0, 180.0]], [[0.0, 40.0], [0.0, 0.0], [40.0, 0.0], [200.0, 160.0], [80.0, 180.0], [20.0, 180.0]], [[20.0, 180.0], [20.0, 240.0], [-80.0, 240.0], [-80.0, 180.0]], [[-160.0, 180.0], [-160.0, 240.0], [-240.0, 240.0], [-240.0, 80.0]], [[-80.0, 180.0], [-160.0, 180.0], [-240.0, 80.0], [-120.0, 80.0]], [[-120.0, 80.0], [-120.0, 40.0], [0.0, 40.0], [20.0, 180.0], [-80.0, 180.0]]]"
2,2,1,0,"[[220.0, 80.0], [100.0, 80.0], [100.0, 120.0], [80.0, 120.0], [0.0, 40.0], [0.0, 0.0], [60.0, 0.0], [60.0, 60.0], [180.0, 60.0], [180.0, 0.0], [220.0, 0.0], [220.0, 80.0]]","[[0.0, 0.0], [120.0, 0.0], [120.0, -40.0], [140.0, -40.0], [220.0, 40.0], [220.0, 80.0], [160.0, 80.0], [160.0, 20.0], [40.0, 20.0], [40.0, 80.0], [0.0, 80.0], [0.0, 0.0]]","[[0.0, 0.0], [120.0, 0.0], [120.0, 60.0], [180.0, 60.0], [180.0, 0.0], [280.0, 0.0], [280.0, 60.0], [360.0, 60.0], [360.0, 0.0], [440.0, 0.0], [440.0, 160.0], [320.0, 160.0], [320.0, 200.0], [200.0, 200.0], [200.0, 240.0], [160.0, 240.0], [0.0, 80.0]]","[1, 1, 0, 0, 1, 1, 0, 0, 1, 1, 1, 0, 1, 0, 1, 1, 1]","[[[], []], [[], []], [[-60.0, 3.67394039744206e-15], [3.67394039744206e-15, 60.0]], [[3.67394039744206e-15, 60.0], [60.0, -3.67394039744206e-15]], [[], []], [[], []], [[-60.0, 3.67394039744206e-15], [4.898587196589413e-15, 80.0]], [[4.898587196589413e-15, 80.0], [60.0, -3.67394039744206e-15]], [[], []], [[], []], [[], []], [[-7.34788079488412e-15, -120.0], [-40.0, 2.4492935982947065e-15]], [[], []], [[-7.34788079488412e-15, -120.0], [-40.0, 2.4492935982947065e-15]], [[], []], [[], []], [[], []]]","[0.0, 0.0, 440.0, 240.0]","[[[0.0, 80.0], [0.0, 0.0], [120.0, 0.0], [120.0, 60.0]], [[200.0, 200.0], [200.0, 240.0], [160.0, 240.0], [0.0, 80.0], [120.0, 60.0], [180.0, 60.0]], [[180.0, 60.0], [180.0, 0.0], [280.0, 0.0], [280.0, 60.0]], [[360.0, 60.0], [360.0, 0.0], [440.0, 0.0], [440.0, 160.0]], [[280.0, 60.0], [360.0, 60.0], [440.0, 160.0], [320.0, 160.0]], [[320.0, 160.0], [320.0, 200.0], [200.0, 200.0], [180.0, 60.0], [280.0, 60.0]]]"
2,2,1,1,"[[220.0, 80.0], [100.0, 80.0], [100.0, 120.0], [80.0, 120.0], [0.0, 40.0], [0.0, 0.0], [60.0, 0.0], [60.0, 60.0], [180.0, 60.0], [180.0, 0.0], [220.0, 0.0], [220.0, 80.0]]","[[220.0, 40.0], [100.0, 40.0], [100.0, 80.0], [80.0, 80.0], [0.0, 0.0], [0.0, -40.0], [60.0, -40.0], [60.0, 20.0], [180.0, 20.0], [180.0, -40.0], [220.0, -40.0], [220.0, 40.0]]","[[0.0, 0.0], [80.0, 0.0], [120.0, 40.0], [180.0, 40.0], [180.0, 0.0], [240.0, 0.0], [320.0, 80.0], [320.0, 200.0], [200.0, 200.0], [200.0, 240.0], [120.0, 240.0], [80.0, 200.0], [20.0, 200.0], [20.0, 240.0], [-40.0, 240.0], [-120.0, 160.0], [-120.0, 40.0], [0.0, 40.0]]","[1, 1, 0, 0, 1, 1, 1, 1, 0, 1, 1, 0, 0, 1, 1, 1, 1, 0]","[[[], []], [[], []], [[-40.0, 40.0], [3.67394039744206e-15, 60.0]], [[3.67394039744206e-15, 60.0], [40.0, -2.4492935982947065e-15]], [[], []], [[], []], [[], []], [[], []], [[-7.34788079488412e-15, -120.0], [-40.0, 2.4492935982947065e-15]], [[], []], [[], []], [[40.0, -40.0], [-3.67394039744206e-15, -60.0]], [[-3.67394039744206e-15, -60.0], [-40.0, 2.4492935982947065e-15]], [[], []], [[], []], [[], []], [[], []], [[7.34788079488412e-15, 120.0], [40.0, -2.4492935982947065e-15]]]","[-120.0, 0.0, 320.0, 240.0]","[[[0.0, 40.0], [0.0, 0.0], [80.0, 0.0], [120.0, 40.0]], [[180.0, 40.0], [180.0, 0.0], [240.0, 0.0], [320.0, 80.0]], [[180.0, 40.0], [320.0, 80.0], [320.0, 200.0], [200.0, 200.0]], [[200.0, 200.0], [200.0, 240.0], [120.0, 240.0], [80.0, 200.0]], [[20.0, 200.0], [20.0, 240.0], [-40.0, 240.0], [-120.0, 160.0]], [[-120.0, 160.0], [-120.0, 40.0], [0.0, 40.0], [120.0, 40.0], [180.0, 40.0], [200.0, 200.0], [80.0, 200.0], [20.0, 200.0]]]"
2,3,0,0,"[[-120.0, 40.0], [0.0, 40.0], [0.0, 0.0], [20.0, 0.0], [100.0, 80.0], [100.0, 120.0], [40.0, 120.0], [40.0, 60.0], [-80.0, 60.0], [-80.0, 120.0], [-120.0, 120.0], [-120.0, 40.0]]","[[0.0, 0.0], [40.0, 0.0], [40.0, -40.0], [80.0, -40.0], [80.0, 0.0], [120.0, 0.0], [120.0, 40.0], [80.0, 40.0], [80.0, 80.0], [40.0, 80.0], [40.0, 40.0], [0.0, 40.0], [0.0, 0.0]]","[[0.0, 0.0], [60.0, 0.0], [180.0, 120.0], [180.0, 200.0], [140.0, 200.0], [140.0, 240.0], [40.0, 240.0], [40.0, 200.0], [-40.0, 200.0], [-40.0, 240.0], [-120.0, 240.0], [-120.0, 200.0], [-160.0, 200.0], [-160.0, 80.0], [-120.0, 80.0], [-120.0, 40.0], [0.0, 40.0]]","[1, 1, 1, 1, 0, 1, 1, 0, 1, 0, 1, 0, 1, 1, 0, 1, 1, 0, 1, 0]","[[[], []], [[], []], [[], []], [[], []], [[-2.4492935982947065e-15, -40.0], [-40.0, 2.4492935982947065e-15]], [[], []], [[], []], [[40.0, -2.4492935982947065e-15], [-2.4492935982947065e-15, -40.0]], [[], []], [[20.0, -1.2246467991473533e-15], [-20.0, 1.2246467991473533e-15]], [[], []], [[-2.4492935982947065e-15, -40.0], [-40.0, 2.4492935982947065e-15]], [[], []], [[], []], [[40.0, -2.4492935982947065e-15], [-2.4492935982947065e-15, -40.0]], [[], []], [[], []], [[2.4492935982947065e-15, 40.0], [40.0, -2.4492935982947065e-15]], [[], []], [[7.34788079488412e-15, 120.0], [40.0, -2.4492935982947065e-15]]]","[-160.0, 0.0, 180.0, 240.0]","[[[0.0, 40.0], [0.0, 0.0], [60.0, 0.0], [180.0, 120.0], [180.0, 200.0], [140.0, 200.0]], [[140.0, 200.0], [140.0, 240.0], [40.0, 240.0], [40.0, 200.0]], [[-120.0, 80.0], [-120.0, 40.0], [0.0, 40.0], [140.0, 200.0], [40.0, 200.0], [-40.0, 200.0]], [[-40.0, 200.0], [-40.0, 240.0], [-120.0, 240.0], [-120.0, 200.0]], [[-120.0, 200.0], [-160.0, 200.0], [-160.0, 80.0], [-120.0, 80.0], [-40.0, 200.0]]]"
2,3,0,1,"[[-120.0, 40.0], [0.0, 40.0], [0.0, 0.0], [20.0, 0.0], [100.0, 80.0], [100.0, 120.0], [40.0, 120.0], [40.0, 60.0], [-80.0, 60.0], [-80.0, 120.0], [-120.0, 120.0], [-120.0, 40.0]]","[[120.0, 40.0], [80.0, 40.0], [80.0, 80.0], [40.0, 80.0], [40.0, 40.0], [0.0, 40.0], [0.0, 0.0], [40.0, 0.0], [40.0, -40.0], [80.0, -40.0], [80.0, 0.0], [120.0, 0.0], [120.0, 40.0]]","[[0.0, 0.0], [60.0, 0.0], [180.0, 120.0], [180.0, 200.0], [140.0, 200.0], [140.0, 240.0], [40.0, 240.0], [40.0, 200.0], [-40.0, 200.0], [-40.0, 240.0], [-120.0, 240.0], [-120.0, 200.0], [-160.0, 200.0], [-160.0, 80.0], [-120.0, 80.0], [-120.0, 40.0], [0.0, 40.0]]","[1, 1, 1, 1, 0, 1, 1, 0, 1, 0, 1, 0, 1, 1, 0, 1, 1, 0, 1, 0]","[[[], []], [[], []], [[], []], [[], []], [[-2.4492935982947065e-15, -40.0], [-40.0, 2.4492935982947065e-15]], [[], []], [[], []], [[40.0, -2.4492935982947065e-15], [-2.4492935982947065e-15, -40.0]], [[], []], [[20.0, -1.2246467991473533e-15], [-20.0, 1.2246467991473533e-15]], [[], []], [[-2.4492935982947065e-15, -40.0], [-40.0, 2.4492935982947065e-15]], [[], []], [[], []], [[40.0, -2.4492935982947065e-15], [-2.4492935982947065e-15, -40.0]], [[], []], [[], []], [[2.4492935982947065e-15, 40.0], [40.0, -2.4492935982947065e-15]], [[], []], [[7.34788079488412e-15, 120.0], [40.0, -2.4492935982947065e-15]]]","[-160.0, 0.0, 180.0, 240.0]","[[[0.0, 40.0], [0.0, 0.0], [60.0, 0.0], [180.0, 120.0], [180.0, 200.0], [140.0, 200.0]], [[140.0, 200.0], [140.0, 240.0], [40.0, 240.0], [40.0, 200.0]], [[-120.0, 80.0], [-120.0, 40.0], [0.0, 40.0], [140.0, 200.0], [40.0, 200.0], [-40.0, 200.0]], [[-40.0, 200.0], [-40.0, 240.0], [-120.0, 240.0], [-120.0, 200.0]], [[-120.0, 200.0], [-160.0, 200.0], [-160.0, 80.0], [-120.0, 80.0], [-40.0, 200.0]]]"
2,3,1,0,"[[220.0, 80.0], [100.0, 80.0], [100.0, 120.0], [80.0, 120.0], [0.0, 40.0], [0.0, 0.0], [60.0, 0.0], [60.0, 60.0], [180.0, 60.0], [180.0, 0.0], [220.0, 0.0], [220.0, 80.0]]","[[0.0, 0.0], [40.0, 0.0], [40.0, -40.0], [80.0, -40.0], [80.0, 0.0], [120.0, 0.0], [120.0, 40.0], [80.0, 40.0], [80.0, 80.0], [40.0, 80.0], [40.0, 40.0], [0.0, 40.0], [0.0, 0.0]]","[[0.0, 0.0], [100.0, 0.0], [100.0, 40.0], [180.0, 40.0], [180.0, 0.0], [260.0, 0.0], [260.0, 40.0], [300.0, 40.0], [300.0, 160.0], [260.0, 160.0], [260.0, 200.0], [140.0, 200.0], [140.0, 240.0], [80.0, 240.0], [-40.0, 120.0], [-40.0, 40.0], [0.0, 40.0]]","[1, 1, 0, 1, 0, 1, 0, 1, 1, 0, 1, 1, 0, 1, 0, 1, 1, 1, 1, 0]","[[[], []], [[], []], [[-40.0, 2.4492935982947065e-15], [2.4492935982947065e-15, 40.0]], [[], []], [[-20.0, 1.2246467991473533e-15], [20.0, -1.2246467991473533e-15]], [[], []], [[2.4492935982947065e-15, 40.0], [40.0, -2.4492935982947065e-15]], [[], []], [[], []], [[-40.0, 2.4492935982947065e-15], [2.4492935982947065e-15, 40.0]], [[], []], [[], []], [[-2.4492935982947065e-15, -40.0], [-40.0, 2.4492935982947065e-15]], [[], []], [[-7.34788079488412e-15, -120.0], [-40.0, 2.4492935982947065e-15]], [[], []], [[], []], [[], []], [[], []], [[2.4492935982947065e-15, 40.0], [40.0, -2.4492935982947065e-15]]]","[-40.0, 0.0, 300.0, 240.0]","[[[0.0, 40.0], [0.0, 0.0], [100.0, 0.0], [100.0, 40.0]], [[180.0, 40.0], [180.0, 0.0], [260.0, 0.0], [260.0, 40.0]], [[260.0, 40.0], [300.0, 40.0], [300.0, 160.0], [260.0, 160.0], [180.0, 40.0]], [[100.0, 40.0], [180.0, 40.0], [260.0, 160.0], [260.0, 200.0], [140.0, 200.0]], [[140.0, 200.0], [140.0, 240.0], [80.0, 240.0], [-40.0, 120.0], [-40.0, 40.0], [0.0, 40.0], [100.0, 40.0]]]"
2,3,1,1,"[[220.0, 80.0], [100.0, 80.0], [100.0, 120.0], [80.0, 120.0], [0.0, 40.0], [0.0, 0.0], [60.0, 0.0], [60.0, 60.0], [180.0, 60.0], [180.0, 0.0], [220.0, 0.0], [220.0, 80.0]]","[[120.0, 40.0], [80.0, 40.0], [80.0, 80.0], [40.0, 80.0], [40.0, 40.0], [0.0, 40.0], [0.0, 0.0], [40.0, 0.0], [40.0, -40.0], [80.0, -40.0], [80.0, 0.0], [120.0, 0.0], [120.0, 40.0]]","[[0.0, 0.0], [100.0, 0.0], [100.0, 40.0], [180.0, 40.0], [180.0, 0.0], [260.0, 0.0], [260.0, 40.0], [300.0, 40.0], [300.0, 160.0], [260.0, 160.0], [260.0, 200.0], [140.0, 200.0], [140.0, 240.0], [80.0, 240.0], [-40.0, 120.0], [-40.0, 40.0], [0.0, 40.0]]","[1, 1, 0, 1, 0, 1, 0, 1, 1, 0, 1, 1, 0, 1, 0, 1, 1, 1, 1, 0]","[[[], []], [[], []], [[-40.0, 2.4492935982947065e-15], [2.4492935982947065e-15, 40.0]], [[], []], [[-20.0, 1.2246467991473533e-15], [20.0, -1.2246467991473533e-15]], [[], []], [[2.4492935982947065e-15, 40.0], [40.0, -2.4492935982947065e-15]], [[], []], [[], []], [[-40.0, 2.4492935982947065e-15], [2.4492935982947065e-15, 40.0]], [[], []], [[], []], [[-2.4492935982947065e-15, -40.0], [-40.0, 2.4492935982947065e-15]], [[], []], [[-7.34788079488412e-15, -120.0], [-40.0, 2.4492935982947065e-15]], [[], []], [[], []], [[], []], [[], []], [[2.4492935982947065e-15, 40.0], [40.0, -2.4492935982947065e-15]]]","[-40.0, 0.0, 300.0, 240.0]","[[[0.0, 40.0], [0.0, 0.0], [100.0, 0.0], [100.0, 40.0]], [[180.0, 40.0], [180.0, 0.0], [260.0, 0.0], [260.0, 40.0]], [[260.0, 40.0], [300.0, 40.0], [300.0, 160.0], [260.0, 160.0], [180.0, 40.0]], [[100.0, 40.0], [180.0, 40.0], [260.0, 160.0], [260.0, 200.0], [140.0, 200.0]], [[140.0, 200.0], [140.0, 240.0], [80.0, 240.0], [-40.0, 120.0], [-40.0, 40.0], [0.0, 40.0], [100.0, 40.0]]]"
3,0,0,0,"[[-40.0, 40.0], [0.0, 40.0], [0.0, 0.0], [40.0, 0.0], [40.0, 40.0], [80.0, 40.0], [80.0, 80.0], [40.0, 80.0], [40.0, 120.0], [0.0, 120.0], [0.0, 80.0], [-40.0, 80.0], [-40.0, 40.0]]","[[0.0, 0.0], [40.0, 0.0], [40.0, 60.0], [240.0, 60.0], [240.0, 0.0], [280.0, 0.0], [280.0, 100.0], [0.0, 100.0], [0.0, 0.0]]","[[0.0, 0.0], [320.0, 0.0], [320.0, 40.0], [360.0, 40.0], [360.0, 180.0], [320.0, 180.0], [320.0, 220.0], [240.0, 220.0], [240.0, 180.0], [200.0, 180.0], [200.0, 160.0], [120.0, 160.0], [120.0, 180.0], [80.0, 180.0], [80.0, 220.0], [0.0, 220.0], [0.0, 180.0], [-40.0, 180.0], [-40.0, 40.0], [0.0, 40.0]]","[1, 1, 0, 1, 1, 0, 1, 1, 0, 1, 0, 0, 1, 0, 1, 1, 0, 1, 1, 0]","[[[], []], [[], []], [[-40.0, 2.4492935982947065e-15], [2.4492935982947065e-15, 40.0]], [[], []], [[], []], [[-2.4492935982947065e-15, -40.0], [-40.0, 2.4492935982947065e-15]], [[], []], [[], []], [[40.0, -2.4492935982947065e-15], [-2.4492935982947065e-15, -40.0]], [[], []], [[20.0, -1.2246467991473533e-15], [-4.898587196589413e-15, -80.0]], [[-4.898587196589413e-15, -80.0], [-20.0, 1.2246467991473533e-15]], [[], []], [[-2.4492935982947065e-15, -40.0], [-40.0, 2.4492935982947065e-15]], [[], []], [[], []], [[40.0, -2.4492935982947065e-15], [-2.4492935982947065e-15, -40.0]], [[], []], [[], []], [[2.4492935982947065e-15, 40.0], [40.0, -2.4492935982947065e-15]]]","[-40.0, 0.0, 360.0, 220.0]","[[[320.0, 40.0], [360.0, 40.0], [360.0, 180.0], [320.0, 180.0]], [[320.0, 180.0], [320.0, 220.0], [240.0, 220.0], [240.0, 180.0], [320.0, 40.0]], [[320.0, 40.0], [240.0, 180.0], [200.0, 180.0], [200.0, 160.0]], [[0.0, 40.0], [0.0, 0.0], [320.0, 0.0], [320.0, 40.0], [200.0, 160.0], [120.0, 160.0]], [[0.0, 40.0], [120.0, 160.0], [120.0, 180.0], [80.0, 180.0]], [[80.0, 180.0], [80.0, 220.0], [0.0, 220.0], [0.0, 180.0]], [[0.0, 180.0], [-40.0, 180.0], [-40.0, 40.0], [0.0, 40.0], [80.0, 180.0]]]"
3,0,0,1,"[[-40.0, 40.0], [0.0, 40.0], [0.0, 0.0], [40.0, 0.0], [40.0, 40.0], [80.0, 40.0], [80.0, 80.0], [40.0, 80.0], [40.0, 120.0], [0.0, 120.0], [0.0, 80.0], [-40.0, 80.0], [-40.0, 40.0]]","[[280.0, 100.0], [240.0, 100.0], [240.0, 40.0], [40.0, 40.0], [40.0, 100.0], [0.0, 100.0], [0.0, 0.0], [280.0, 0.0], [280.0, 100.0]]","[[0.0, 0.0], [80.0, 0.0], [80.0, 40.0], [120.0, 40.0], [120.0, 60.0], [200.0, 60.0], [200.0, 40.0], [240.0, 40.0], [240.0, 0.0], [320.0, 0.0], [320.0, 40.0], [360.0, 40.0], [360.0, 180.0], [320.0, 180.0], [320.0, 220.0], [0.0, 220.0], [0.0, 180.0], [-40.0, 180.0], [-40.0, 40.0], [0.0, 40.0]]","[1, 1, 0, 1, 0, 0, 1, 0, 1, 1, 0, 1, 1, 0, 1, 1, 0, 1, 1, 0]","[[[], []], [[], []], [[-40.0, 2.4492935982947065e-15], [2.4492935982947065e-15, 40.0]], [[], []], [[-20.0, 1.2246467991473533e-15], [4.898587196589413e-15, 80.0]], [[4.898587196589413e-15, 80.0], [20.0, -1.2246467991473533e-15]], [[], []], [[2.4492935982947065e-15, 40.0], [40.0, -2.4492935982947065e-15]], [[], []], [[], []], [[-40.0, 2.4492935982947065e-15], [2.4492935982947065e-15, 40.0]], [[], []], [[], []], [[-2.4492935982947065e-15, -40.0], [-40.0, 2.4492935982947065e-15]], [[], []], [[], []], [[40.0, -2.4492935982947065e-15], [-2.4492935982947065e-15, -40.0]], [[], []], [[], []], [[2.4492935982947065e-15, 40.0], [40.0, -2.4492935982947065e-15]]]","[-40.0, 0.0, 360.0, 220.0]","[[[0.0, 40.0], [0.0, 0.0], [80.0, 0.0], [80.0, 40.0]], [[0.0, 180.0], [-40.0, 180.0], [-40.0, 40.0], [0.0, 40.0], [80.0, 40.0], [120.0, 40.0], [120.0, 60.0]], [[320.0, 180.0], [320.0, 220.0], [0.0, 220.0], [0.0, 180.0], [120.0, 60.0], [200.0, 60.0]], [[320.0, 180.0], [200.0, 60.0], [200.0, 40.0], [240.0, 40.0]], [[240.0, 40.0], [240.0, 0.0], [320.0, 0.0], [320.0, 40.0]], [[320.0, 40.0], [360.0, 40.0], [360.0, 180.0], [320.0, 180.0], [240.0, 40.0]]]"
3,0,1,0,"[[80.0, 80.0], [40.0, 80.0], [40.0, 120.0], [0.0, 120.0], [0.0, 80.0], [-40.0, 80.0], [-40.0, 40.0], [0.0, 40.0], [0.0, 0.0], [40.0, 0.0], [40.0, 40.0], [80.0, 40.0], [80.0, 80.0]]","[[0.0, 0.0], [40.0, 0.0], [40.0, 60.0], [240.0, 60.0], [240.0, 0.0], [280.0, 0.0], [280.0, 100.0], [0.0, 100.0], [0.0, 0.0]]","[[0.0, 0.0], [320.0, 0.0], [320.0, 40.0], [360.0, 40.0], [360.0, 180.0], [320.0, 180.0], [320.0, 220.0], [240.0, 220.0], [240.0, 180.0], [200.0, 180.0], [200.0, 160.0], [120.0, 160.0], [120.0, 180.0], [80.0, 180.0], [80.0, 220.0], [0.0, 220.0], [0.0, 180.0], [-40.0, 180.0], [-40.0, 40.0], [0.0, 40.0]]","[1, 1, 0, 1, 1, 0, 1, 1, 0, 1, 0, 0, 1, 0, 1, 1, 0, 1, 1, 0]","[[[], []], [[], []], [[-40.0, 2.4492935982947065e-15], [2.4492935982947065e-15, 40.0]], [[], []], [[], []], [[-2.4492935982947065e-15, -40.0], [-40.0, 2.4492935982947065e-15]], [[], []], [[], []], [[40.0, -2.4492935982947065e-15], [-2.4492935982947065e-15, -40.0]], [[], []], [[20.0, -1.2246467991473533e-15], [-4.898587196589413e-15, -80.0]], [[-4.898587196589413e-15, -80.0], [-20.0, 1.2246467991473533e-15]], [[], []], [[-2.4492935982947065e-15, -40.0], [-40.0, 2.4492935982947065e-15]], [[], []], [[], []], [[40.0, -2.4492935982947065e-15], [-2.4492935982947065e-15, -40.0]], [[], []], [[], []], [[2.4492935982947065e-15, 40.0], [40.0, -2.4492935982947065e-15]]]","[-40.0, 0.0, 360.0, 220.0]","[[[320.0, 40.0], [360.0, 40.0], [360.0, 180.0], [320.0, 180.0]], [[320.0, 180.0], [320.0, 220.0], [240.0, 220.0], [240.0, 180.0], [320.0, 40.0]], [[320.0, 40.0], [240.0, 180.0], [200.0, 180.0], [200.0, 160.0]], [[0.0, 40.0], [0.0, 0.0], [320.0, 0.0], [320.0, 40.0], [200.0, 160.0], [120.0, 160.0]], [[0.0, 40.0], [120.0, 160.0], [120.0, 180.0], [80.0, 180.0]], [[80.0, 180.0], [80.0, 220.0], [0.0, 220.0], [0.0, 180.0]], [[0.0, 180.0], [-40.0, 180.0], [-40.0, 40.0], [0.0, 40.0], [80.0, 180.0]]]"
3,0,1,1,"[[80.0, 80.0], [40.0, 80.0], [40.0, 120.0], [0.0, 120.0], [0.0, 80.0], [-40.0, 80.0], [-40.0, 40.0], [0.0, 40.0], [0.0, 0.0], [40.0, 0.0], [40.0, 40.0], [80.0, 40.0], [80.0, 80.0]]","[[280.0, 100.0], [240.0, 100.0], [240.0, 40.0], [40.0, 40.0], [40.0, 100.0], [0.0, 100.0], [0.0, 0.0], [280.0, 0.0], [280.0, 100.0]]","[[0.0, 0.0], [80.0, 0.0], [80.0, 40.0], [120.0, 40.0], [120.0, 60.0], [200.0, 60.0], [200.0, 40.0], [240.0, 40.0], [240.0, 0.0], [320.0, 0.0], [320.0, 40.0], [360.0, 40.0], [360.0, 180.0], [320.0, 180.0], [320.0, 220.0], [0.0, 220.0], [0.0, 180.0], [-40.0, 180.0], [-40.0, 40.0], [0.0, 40.0]]","[1, 1, 0, 1, 0, 0, 1, 0, 1, 1, 0, 1, 1, 0, 1, 1, 0, 1, 1, 0]","[[[], []], [[], []], [[-40.0, 2.4492935982947065e-15], [2.4492935982947065e-15, 40.0]], [[], []], [[-20.0, 1.2246467991473533e-15], [4.898587196589413e-15, 80.0]], [[4.898587196589413e-15, 80.0], [20.0, -1.2246467991473533e-15]], [[], []], [[2.4492935982947065e-15, 40.0], [40.0, -2.4492935982947065e-15]], [[], []], [[], []], [[-40.0, 2.4492935982947065e-15], [2.4492935982947065e-15, 40.0]], [[], []], [[], []], [[-2.4492935982947065e-15, -40.0], [-40.0, 2.4492935982947065e-15]], [[], []], [[], []], [[40.0, -2.4492935982947065e-15], [-2.4492935982947065e-15, -40.0]], [[], []], [[], []], [[2.4492935982947065e-15, 40.0], [40.0, -2.4492935982947065e-15]]]","[-40.0, 0.0, 360.0, 220.0]","[[[0.0, 40.0], [0.0, 0.0], [80.0, 0.0], [80.0, 40.0]], [[0.0, 180.0], [-40.0, 180.0], [-40.0, 40.0], [0.0, 40.0], [80.0, 40.0], [120.0, 40.0], [120.0, 60.0]], [[320.0, 180.0], [320.0, 220.0], [0.0, 220.0], [0.0, 180.0], [120.0, 60.0], [200.0, 60.0]], [[320.0, 180.0], [200.0, 60.0], [200.0, 40.0], [240.0, 40.0]], [[240.0, 40.0], [240.0, 0.0], [320.0, 0.0], [320.0, 40.0]], [[320.0, 40.0], [360.0, 40.0], [360.0, 180.0], [320.0, 180.0], [240.0, 40.0]]]"
3,1,0,0,"[[-40.0, 40.0], [0.0, 40.0], [0.0, 0.0], [40.0, 0.0], [40.0, 40.0], [80.0, 40.0], [80.0, 80.0], [40.0, 80.0], [40.0, 120.0], [0.0, 120.0], [0.0, 80.0], [-40.0, 80.0], [-40.0, 40.0]]","[[0.0, 0.0], [120.0, -120.0], [240.0, 0.0], [120.0, 120.0], [0.0, 0.0]]","[[0.0, 0.0], [40.0, 0.0], [200.0, 160.0], [200.0, 200.0], [40.0, 360.0], [0.0, 360.0], [-160.0, 200.0], [-160.0, 160.0]]","[1, 1, 1, 1, 1, 1, 1, 1]","[[[], []], [[], []], [[], []], [[], []], [[], []], [[], []], [[], []], [[], []]]","[-160.0, 0.0, 200.0, 360.0]","[[[0.0, 0.0], [40.0, 0.0], [200.0, 160.0], [200.0, 200.0], [40.0, 360.0], [0.0, 360.0], [-160.0, 200.0], [-160.0, 160.0]]]"
3,1,0,1,"[[-40.0, 40.0], [0.0, 40.0], [0.0, 0.0], [40.0, 0.0], [40.0, 40.0], [80.0, 40.0], [80.0, 80.0], [40.0, 80.0], [40.0, 120.0], [0.0, 120.0], [0.0, 80.0], [-40.0, 80.0], [-40.0, 40.0]]","[[240.0, 0.0], [120.0, 120.0], [0.0, 0.0], [120.0, -120.0], [240.0, 0.0]]","[[0.0, 0.0], [40.0, 0.0], [200.0, 160.0], [200.0, 200.0], [40.0, 360.0], [0.0, 360.0], [-160.0, 200.0], [-160.0, 160.0]]","[1, 1, 1, 1, 1, 1, 1, 1]","[[[], []], [[], []], [[], []], [[], []], [[], []], [[], []], [[], []], [[], []]]","[-160.0, 0.0, 200.0, 360.0]","[[[0.0, 0.0], [40.0, 0.0], [200.0, 160.0], [200.0, 200.0], [40.0, 360.0], [0.0, 360.0], [-160.0, 200.0], [-160.0, 160.0]]]"
3,1,1,0,"[[80.0, 80.0], [40.0, 80.0], [40.0, 120.0], [0.0, 120.0], [0.0, 80.0], [-40.0, 80.0], [-40.0, 40.0], [0.0, 40.0], [0.0, 0.0], [40.0, 0.0], [40.0, 40.0], [80.0, 40.0], [80.0, 80.0]]","[[0.0, 0.0], [120.0, -120.0], [240.0, 0.0], [120.0, 120.0], [0.0, 0.0]]","[[0.0, 0.0], [40.0, 0.0], [200.0, 160.0], [200.0, 200.0], [40.0, 360.0], [0.0, 360.0], [-160.0, 200.0], [-160.0, 160.0]]","[1, 1, 1, 1, 1, 1, 1, 1]","[[[], []], [[], []], [[], []], [[], []], [[], []], [[], []], [[], []], [[], []]]","[-160.0, 0.0, 200.0, 360.0]","[[[0.0, 0.0], [40.0, 0.0], [200.0, 160.0], [200.0, 200.0], [40.0, 360.0], [0.0, 360.0], [-160.0, 200.0], [-160.0, 160.0]]]"
3,1,1,1,"[[80.0, 80.0], [40.0, 80.0], [40.0, 120.0], [0.0, 120.0], [0.0, 80.0], [-40.0, 80.0], [-40.0, 40.0], [0.0, 40.0], [0.0, 0.0], [40.0, 0.0], [40.0, 40.0], [80.0, 40.0], [80.0, 80.0]]","[[240.0, 0.0], [120.0, 120.0], [0.0, 0.0], [120.0, -120.0], [240.0, 0.0]]","[[0.0, 0.0], [40.0, 0.0], [200.0, 160.0], [200.0, 200.0], [40.0, 360.0], [0.0, 360.0], [-160.0, 200.0], [-160.0, 160.0]]","[1, 1, 1, 1, 1, 1, 1, 1]","[[[], []], [[], []], [[], []], [[], []], [[], []], [[], []], [[], []], [[], []]]","[-160.0, 0.0, 200.0, 360.0]","[[[0.0, 0.0], [40.0, 0.0], [200.0, 160.0], [200.0, 200.0], [40.0, 360.0], [0.0, 360.0], [-160.0, 200.0], [-160.0, 160.0]]]"
3,2,0,0,"[[-40.0, 40.0], [0.0, 40.0], [0.0, 0.0], [40.0, 0.0], [40.0, 40.0], [80.0, 40.0], [80.0, 80.0], [40.0, 80.0], [40.0, 120.0], [0.0, 120.0], [0.0, 80.0], [-40.0, 80.0], [-40.0, 40.0]]","[[0.0, 0.0], [120.0, 0.0], [120.0, -40.0], [140.0, -40.0], [220.0, 40.0], [220.0, 80.0], [160.0, 80.0], [160.0, 20.0], [40.0, 20.0], [40.0, 80.0], [0.0, 80.0], [0.0, 0.0]]","[[0.0, 0.0], [100.0, 0.0], [100.0, 40.0], [180.0, 40.0], [180.0, 0.0], [260.0, 0.0], [260.0, 40.0], [300.0, 40.0], [300.0, 160.0], [260.0, 160.0], [260.0, 200.0], [140.0, 200.0], [140.0, 240.0], [80.0, 240.0], [-40.0, 120.0], [-40.0, 40.0], [0.0, 40.0]]","[1, 1, 0, 0, 1, 1, 0, 1, 1, 0, 1, 0, 1, 1, 1, 1, 0]","[[[], []], [[], []], [[-40.0, 2.4492935982947065e-15], [4.898587196589413e-15, 80.0]], [[4.898587196589413e-15, 80.0], [40.0, -2.4492935982947065e-15]], [[], []], [[], []], [[-40.0, 2.4492935982947065e-15], [2.4492935982947065e-15, 40.0]], [[], []], [[], []], [[-2.4492935982947065e-15, -40.0], [-40.0, 2.4492935982947065e-15]], [[], []], [[-7.34788079488412e-15, -120.0], [-40.0, 2.4492935982947065e-15]], [[], []], [[], []], [[], []], [[], []], [[2.4492935982947065e-15, 40.0], [40.0, -2.4492935982947065e-15]]]","[-40.0, 0.0, 300.0, 240.0]","[[[0.0, 40.0], [0.0, 0.0], [100.0, 0.0], [100.0, 40.0]], [[180.0, 40.0], [180.0, 0.0], [260.0, 0.0], [260.0, 40.0]], [[260.0, 40.0], [300.0, 40.0], [300.0, 160.0], [260.0, 160.0], [180.0, 40.0]], [[100.0, 40.0], [180.0, 40.0], [260.0, 160.0], [260.0, 200.0], [140.0, 200.0]], [[140.0, 200.0], [140.0, 240.0], [80.0, 240.0], [-40.0, 120.0], [-40.0, 40.0], [0.0, 40.0], [100.0, 40.0]]]"
3,2,0,1,"[[-40.0, 40.0], [0.0, 40.0], [0.0, 0.0], [40.0, 0.0], [40.0, 40.0], [80.0, 40.0], [80.0, 80.0], [40.0, 80.0], [40.0, 120.0], [0.0, 120.0], [0.0, 80.0], [-40.0, 80.0], [-40.0, 40.0]]","[[220.0, 40.0], [100.0, 40.0], [100.0, 80.0], [80.0, 80.0], [0.0, 0.0], [0.0, -40.0], [60.0, -40.0], [60.0, 20.0], [180.0, 20.0], [180.0, -40.0], [220.0, -40.0], [220.0, 40.0]]","[[0.0, 0.0], [60.0, 0.0], [180.0, 120.0], [180.0, 200.0], [140.0, 200.0], [140.0, 240.0], [40.0, 240.0], [40.0, 200.0], [-40.0, 200.0], [-40.0, 240.0], [-120.0, 240.0], [-120.0, 200.0], [-160.0, 200.0], [-160.0, 80.0], [-120.0, 80.0], [-120.0, 40.0], [0.0, 40.0]]","[1, 1, 1, 1, 0, 1, 1, 0, 0, 1, 1, 0, 1, 1, 0, 1, 0]","[[[], []], [[], []], [[], []], [[], []], [[-2.4492935982947065e-15, -40.0], [-40.0, 2.4492935982947065e-15]], [[], []], [[], []], [[40.0, -2.4492935982947065e-15], [-4.898587196589413e-15, -80.0]], [[-4.898587196589413e-15, -80.0], [-40.0, 2.4492935982947065e-15]], [[], []], [[], []], [[40.0, -2.4492935982947065e-15], [-2.4492935982947065e-15, -40.0]], [[], []], [[], []], [[2.4492935982947065e-15, 40.0], [40.0, -2.4492935982947065e-15]], [[], []], [[7.34788079488412e-15, 120.0], [40.0, -2.4492935982947065e-15]]]","[-160.0, 0.0, 180.0, 240.0]","[[[0.0, 40.0], [0.0, 0.0], [60.0, 0.0], [180.0, 120.0], [180.0, 200.0], [140.0, 200.0]], [[140.0, 200.0], [140.0, 240.0], [40.0, 240.0], [40.0, 200.0]], [[-120.0, 80.0], [-120.0, 40.0], [0.0, 40.0], [140.0, 200.0], [40.0, 200.0], [-40.0, 200.0]], [[-40.0, 200.0], [-40.0, 240.0], [-120.0, 240.0], [-120.0, 200.0]], [[-120.0, 200.0], [-160.0, 200.0], [-160.0, 80.0], [-120.0, 80.0], [-40.0, 200.0]]]"
3,2,1,0,"[[80.0, 80.0], [40.0, 80.0], [40.0, 120.0], [0.0, 120.0], [0.0, 80.0], [-40.0, 80.0], [-40.0, 40.0], [0.0, 40.0], [0.0, 0.0], [40.0, 0.0], [40.0, 40.0], [80.0, 40.0], [80.0, 80.0]]","[[0.0, 0.0], [120.0, 0.0], [120.0, -40.0], [140.0, -40.0], [220.0, 40.0], [220.0, 80.0], [160.0, 80.0], [160.0, 20.0], [40.0, 20.0], [40.0, 80.0], [0.0, 80.0], [0.0, 0.0]]","[[0.0, 0.0], [100.0, 0.0], [100.0, 40.0], [180.0, 40.0], [180.0, 0.0], [260.0, 0.0], [260.0, 40.0], [300.0, 40.0], [300.0, 160.0], [260.0, 160.0], [260.0, 200.0], [140.0, 200.0], [140.0, 240.0], [80.0, 240.0], [-40.0, 120.0], [-40.0, 40.0], [0.0, 40.0]]","[1, 1, 0, 0, 1, 1, 0, 1, 1, 0, 1, 0, 1, 1, 1, 1, 0]","[[[], []], [[], []], [[-40.0, 2.4492935982947065e-15], [4.898587196589413e-15, 80.0]], [[4.898587196589413e-15, 80.0], [40.0, -2.4492935982947065e-15]], [[], []], [[], []], [[-40.0, 2.4492935982947065e-15], [2.4492935982947065e-15, 40.0]], [[], []], [[], []], [[-2.4492935982947065e-15, -40.0], [-40.0, 2.4492935982947065e-15]], [[], []], [[-7.34788079488412e-15, -120.0], [-40.0, 2.4492935982947065e-15]], [[], []], [[], []], [[], []], [[], []], [[2.4492935982947065e-15, 40.0], [40.0, -2.4492935982947065e-15]]]","[-40.0, 0.0, 300.0, 240.0]","[[[0.0, 40.0], [0.0, 0.0], [100.0, 0.0], [100.0, 40.0]], [[180.0, 40.0], [180.0, 0.0], [260.0, 0.0], [260.0, 40.0]], [[260.0, 40.0], [300.0, 40.0], [300.0, 160.0], [260.0, 160.0], [180.0, 40.0]], [[100.0, 40.0], [180.0, 40.0], [260.0, 160.0], [260.0, 200.0], [140.0, 200.0]], [[140.0, 200.0], [140.0, 240.0], [80.0, 240.0], [-40.0, 120.0], [-40.0, 40.0], [0.0, 40.0], [100.0, 40.0]]]"
3,2,1,1,"[[80.0, 80.0], [40.0, 80.0], [40.0, 120.0], [0.0, 120.0], [0.0, 80.0], [-40.0, 80.0], [-40.0, 40.0], [0.0, 40.0], [0.0, 0.0], [40.0, 0.0], [40.0, 40.0], [80.0, 40.0], [80.0, 80.0]]","[[220.0, 40.0], [100.0, 40.0], [100.0, 80.0], [80.0, 80.0], [0.0, 0.0], [0.0, -40.0], [60.0, -40.0], [60.0, 20.0], [180.0, 20.0], [180.0, -40.0], [220.0, -40.0], [220.0, 40.0]]","[[0.0, 0.0], [60.0, 0.0], [180.0, 120.0], [180.0, 200.0], [140.0, 200.0], [140.0, 240.0], [40.0, 240.0], [40.0, 200.0], [-40.0, 200.0], [-40.0, 240.0], [-120.0, 240.0], [-120.0, 200.0], [-160.0, 200.0], [-160.0, 80.0], [-120.0, 80.0], [-120.0, 40.0], [0.0, 40.0]]","[1, 1, 1, 1, 0, 1, 1, 0, 0, 1, 1, 0, 1, 1, 0, 1, 0]","[[[], []], [[], []], [[], []], [[], []], [[-2.4492935982947065e-15, -40.0], [-40.0, 2.4492935982947065e-15]], [[], []], [[], []], [[40.0, -2.4492935982947065e-15], [-4.898587196589413e-15, -80.0]], [[-4.898587196589413e-15, -80.0], [-40.0, 2.4492935982947065e-15]], [[], []], [[], []], [[40.0, -2.4492935982947065e-15], [-2.4492935982947065e-15, -40.0]], [[], []], [[], []], [[2.4492935982947065e-15, 40.0], [40.0, -2.4492935982947065e-15]], [[], []], [[7.34788079488412e-15, 120.0], [40.0, -2.4492935982947065e-15]]]","[-160.0, 0.0, 180.0, 240.0]","[[[0.0, 40.0], [0.0, 0.0], [60.0, 0.0], [180.0, 120.0], [180.0, 200.0], [140.0, 200.0]], [[140.0, 200.0], [140.0, 240.0], [40.0, 240.0], [40.0, 200.0]], [[-120.0, 80.0], [-120.0, 40.0], [0.0, 40.0], [140.0, 200.0], [40.0, 200.0], [-40.0, 200.0]], [[-40.0, 200.0], [-40.0, 240.0], [-120.0, 240.0], [-120.0, 200.0]], [[-120.0, 200.0], [-160.0, 200.0], [-160.0, 80.0], [-120.0, 80.0], [-40.0, 200.0]]]"
3,3,0,0,"[[-40.0, 40.0], [0.0, 40.0], [0.0, 0.0], [40.0, 0.0], [40.0, 40.0], [80.0, 40.0], [80.0, 80.0], [40.0, 80.0], [40.0, 120.0], [0.0, 120.0], [0.0, 80.0], [-40.0, 80.0], [-40.0, 40.0]]","[[0.0, 0.0], [40.0, 0.0], [40.0, -40.0], [80.0, -40.0], [80.0, 0.0], [120.0, 0.0], [120.0, 40.0], [80.0, 40.0], [80.0, 80.0], [40.0, 80.0], [40.0, 40.0], [0.0, 40.0], [0.0, 0.0]]","[[0.0, 0.0], [80.0, 0.0], [80.0, 40.0], [120.0, 40.0], [120.0, 80.0], [160.0, 80.0], [160.0, 160.0], [120.0, 160.0], [120.0, 200.0], [80.0, 200.0], [80.0, 240.0], [0.0, 240.0], [0.0, 200.0], [-40.0, 200.0], [-40.0, 160.0], [-80.0, 160.0], [-80.0, 80.0], [-40.0, 80.0], [-40.0, 40.0], [0.0, 40.0]]","[1, 1, 0, 1, 0, 1, 1, 0, 1, 0, 1, 1, 0, 1, 0, 1, 1, 0, 1, 0]","[[[], []], [[], []], [[-40.0, 2.4492935982947065e-15], [2.4492935982947065e-15, 40.0]], [[], []], [[-40.0, 2.4492935982947065e-15], [2.4492935982947065e-15, 40.0]], [[], []], [[], []], [[-2.4492935982947065e-15, -40.0], [-40.0, 2.4492935982947065e-15]], [[], []], [[-2.4492935982947065e-15, -40.0], [-40.0, 2.4492935982947065e-15]], [[], []], [[], []], [[40.0, -2.4492935982947065e-15], [-2.4492935982947065e-15, -40.0]], [[], []], [[40.0, -2.4492935982947065e-15], [-2.4492935982947065e-15, -40.0]], [[], []], [[], []], [[2.4492935982947065e-15, 40.0], [40.0, -2.4492935982947065e-15]], [[], []], [[2.4492935982947065e-15, 40.0], [40.0, -2.4492935982947065e-15]]]","[-80.0, 0.0, 160.0, 240.0]","[[[0.0, 40.0], [0.0, 0.0], [80.0, 0.0], [80.0, 40.0]], [[120.0, 80.0], [160.0, 80.0], [160.0, 160.0], [120.0, 160.0]], [[120.0, 160.0], [120.0, 200.0], [80.0, 200.0], [120.0, 80.0]], [[80.0, 200.0], [80.0, 240.0], [0.0, 240.0], [0.0, 200.0]], [[-40.0, 160.0], [-80.0, 160.0], [-80.0, 80.0], [-40.0, 80.0]], [[-40.0, 80.0], [-40.0, 40.0], [0.0, 40.0], [-40.0, 160.0]], [[0.0, 40.0], [80.0, 40.0], [120.0, 40.0], [120.0, 80.0], [80.0, 200.0], [0.0, 200.0], [-40.0, 200.0], [-40.0, 160.0]]]"
3,3,0,1,"[[-40.0, 40.0], [0.0, 40.0], [0.0, 0.0], [40.0, 0.0], [40.0, 40.0], [80.0, 40.0], [80.0, 80.0], [40.0, 80.0], [40.0, 120.0], [0.0, 120.0], [0.0, 80.0], [-40.0, 80.0], [-40.0, 40.0]]","[[120.0, 40.0], [80.0, 40.0], [80.0, 80.0], [40.0, 80.0], [40.0, 40.0], [0.0, 40.0], [0.0, 0.0], [40.0, 0.0], [40.0, -40.0], [80.0, -40.0], [80.0, 0.0], [120.0, 0.0], [120.0, 40.0]]","[[0.0, 0.0], [80.0, 0.0], [80.0, 40.0], [120.0, 40.0], [120.0, 80.0], [160.0, 80.0], [160.0, 160.0], [120.0, 160.0], [120.0, 200.0], [80.0, 200.0], [80.0, 240.0], [0.0, 240.0], [0.0, 200.0], [-40.0, 200.0], [-40.0, 160.0], [-80.0, 160.0], [-80.0, 80.0], [-40.0, 80.0], [-40.0, 40.0], [0.0, 40.0]]","[1, 1, 0, 1, 0, 1, 1, 0, 1, 0, 1, 1, 0, 1, 0, 1, 1, 0, 1, 0]","[[[], []], [[], []], [[-40.0, 2.4492935982947065e-15], [2.4492935982947065e-15, 40.0]], [[], []], [[-40.0, 2.4492935982947065e-15], [2.4492935982947065e-15, 40.0]], [[], []], [[], []], [[-2.4492935982947065e-15, -40.0], [-40.0, 2.4492935982947065e-15]], [[], []], [[-2.4492935982947065e-15, -40.0], [-40.0, 2.4492935982947065e-15]], [[], []], [[], []], [[40.0, -2.4492935982947065e-15], [-2.4492935982947065e-15, -40.0]], [[], []], [[40.0, -2.4492935982947065e-15], [-2.4492935982947065e-15, -40.0]], [[], []], [[], []], [[2.4492935982947065e-15, 40.0], [40.0, -2.4492935982947065e-15]], [[], []], [[2.4492935982947065e-15, 40.0], [40.0, -2.4492935982947065e-15]]]","[-80.0, 0.0, 160.0, 240.0]","[[[0.0, 40.0], [0.0, 0.0], [80.0, 0.0], [80.0, 40.0]], [[120.0, 80.0], [160.0, 80.0], [160.0, 160.0], [120.0, 160.0]], [[120.0, 160.0], [120.0, 200.0], [80.0, 200.0], [120.0, 80.0]], [[80.0, 200.0], [80.0, 240.0], [0.0, 240.0], [0.0, 200.0]], [[-40.0, 160.0], [-80.0, 160.0], [-80.0, 80.0], [-40.0, 80.0]], [[-40.0, 80.0], [-40.0, 40.0], [0.0, 40.0], [-40.0, 160.0]], [[0.0, 40.0], [80.0, 40.0], [120.0, 40.0], [120.0, 80.0], [80.0, 200.0], [0.0, 200.0], [-40.0, 200.0], [-40.0, 160.0]]]"
3,3,1,0,"[[80.0, 80.0], [40.0, 80.0], [40.0, 120.0], [0.0, 120.0], [0.0, 80.0], [-40.0, 80.0], [-40.0, 40.0], [0.0, 40.0], [0.0, 0.0], [40.0, 0.0], [40.0, 40.0], [80.0, 40.0], [80.0, 80.0]]","[[0.0, 0.0], [40.0, 0.0], [40.0, -40.0], [80.0, -40.0], [80.0, 0.0], [120.0, 0.0], [120.0, 40.0], [80.0, 40.0], [80.0, 80.0], [40.0, 80.0], [40.0, 40.0], [0.0, 40.0], [0.0, 0.0]]","[[0.0, 0.0], [80.0, 0.0], [80.0, 40.0], [120.0, 40.0], [120.0, 80.0], [160.0, 80.0], [160.0, 160.0], [120.0, 160.0], [120.0, 200.0], [80.0, 200.0], [80.0, 240.0], [0.0, 240.0], [0.0, 200.0], [-40.0, 200.0], [-40.0, 160.0], [-80.0, 160.0], [-80.0, 80.0], [-40.0, 80.0], [-40.0, 40.0], [0.0, 40.0]]","[1, 1, 0, 1, 0, 1, 1, 0, 1, 0, 1, 1, 0, 1, 0, 1, 1, 0, 1, 0]","[[[], []], [[], []], [[-40.0, 2.4492935982947065e-15], [2.4492935982947065e-15, 40.0]], [[], []], [[-40.0, 2.4492935982947065e-15], [2.4492935982947065e-15, 40.0]], [[], []], [[], []], [[-2.4492935982947065e-15, -40.0], [-40.0, 2.4492935982947065e-15]], [[], []], [[-2.4492935982947065e-15, -40.0], [-40.0, 2.4492935982947065e-15]], [[], []], [[], []], [[40.0, -2.4492935982947065e-15], [-2.4492935982947065e-15, -40.0]], [[], []], [[40.0, -2.4492935982947065e-15], [-2.4492935982947065e-15, -40.0]], [[], []], [[], []], [[2.4492935982947065e-15, 40.0], [40.0, -2.4492935982947065e-15]], [[], []], [[2.4492935982947065e-15, 40.0], [40.0, -2.4492935982947065e-15]]]","[-80.0, 0.0, 160.0, 240.0]","[[[0.0, 40.0], [0.0, 0.0], [80.0, 0.0], [80.0, 40.0]], [[120.0, 80.0], [160.0, 80.0], [160.0, 160.0], [120.0, 160.0]], [[120.0, 160.0], [120.0, 200.0], [80.0, 200.0], [120.0, 80.0]], [[80.0, 200.0], [80.0, 240.0], [0.0, 240.0], [0.0, 200.0]], [[-40.0, 160.0], [-80.0, 160.0], [-80.0, 80.0], [-40.0, 80.0]], [[-40.0, 80.0], [-40.0, 40.0], [0.0, 40.0], [-40.0, 160.0]], [[0.0, 40.0], [80.0, 40.0], [120.0, 40.0], [120.0, 80.0], [80.0, 200.0], [0.0, 200.0], [-40.0, 200.0], [-40.0, 160.0]]]"
3,3,1,1,"[[80.0, 80.0], [40.0, 80.0], [40.0, 120.0], [0.0, 120.0], [0.0, 80.0], [-40.0, 80.0], [-40.0, 40.0], [0.0, 40.0], [0.0, 0.0], [40.0, 0.0], [40.0, 40.0], [80.0, 40.0], [80.0, 80.0]]","[[120.0, 40.0], [80.0, 40.0], [80.0, 80.0], [40.0, 80.0], [40.0, 40.0], [0.0, 40.0], [0.0, 0.0], [40.0, 0.0], [40.0, -40.0], [80.0, -40.0], [80.0, 0.0], [120.0, 0.0], [120.0, 40.0]]","[[0.0, 0.0], [80.0, 0.0], [80.0, 40.0], [120.0, 40.0], [120.0, 80.0], [160.0, 80.0], [160.0, 160.0], [120.0, 160.0], [120.0, 200.0], [80.0, 200.0], [80.0, 240.0], [0.0, 240.0], [0.0, 200.0], [-40.0, 200.0], [-40.0, 160.0], [-80.0, 160.0], [-80.0, 80.0], [-40.0, 80.0], [-40.0, 40.0], [0.0, 40.0]]","[1, 1, 0, 1, 0, 1, 1, 0, 1, 0, 1, 1, 0, 1, 0, 1, 1, 0, 1, 0]","[[[], []], [[], []], [[-40.0, 2.4492935982947065e-15], [2.4492935982947065e-15, 40.0]], [[], []], [[-40.0, 2.4492935982947065e-15], [2.4492935982947065e-15, 40.0]], [[], []], [[], []], [[-2.4492935982947065e-15, -40.0], [-40.0, 2.4492935982947065e-15]], [[], []], [[-2.4492935982947065e-15, -40.0], [-40.0, 2.4492935982947065e-15]], [[], []], [[], []], [[40.0, -2.4492935982947065e-15], [-2.4492935982947065e-15, -40.0]], [[], []], [[40.0, -2.4492935982947065e-15], [-2.4492935982947065e-15, -40.0]], [[], []], [[], []], [[2.4492935982947065e-15, 40.0], [40.0, -2.4492935982947065e-15]], [[], []], [[2.4492935982947065e-15, 40.0], [40.0, -2.4492935982947065e-15]]]","[-80.0, 0.0, 160.0, 240.0]","[[[0.0, 40.0], [0.0, 0.0], [80.0, 0.0], [80.0, 40.0]], [[120.0, 80.0], [160.0, 80.0], [160.0, 160.0], [120.0, 160.0]], [[120.0, 160.0], [120.0, 200.0], [80.0, 200.0], [120.0, 80.0]], [[80.0, 200.0], [80.0, 240.0], [0.0, 240.0], [0.0, 200.0]], [[-40.0, 160.0], [-80.0, 160.0], [-80.0, 80.0], [-40.0, 80.0]], [[-40.0, 80.0], [-40.0, 40.0], [0.0, 40.0], [-40.0, 160.0]], [[0.0, 40.0], [80.0, 40.0], [120.0, 40.0], [120.0, 80.0], [80.0, 200.0], [0.0, 200.0], [-40.0, 200.0], [-40.0, 160.0]]]"
